QA1,QA2,For Discussion,Company,Platform,Date,Type,Tag,Coronavirus,Geography,Key development,Reference URL 1,Reference URL 2,Reference URL 3,Description,,,,,,,,,,,,,,,,,,,,
x,,,Facebook,Main app,01/01/2001,Policy,Terms of Service,No,Global,TRUE,https://www.facebook.com/communitystandards/,,,"Facebook introducted its ""Community Standards"" for the first time",,,,,,,,,,,,,,,,,,,,
,,,,,,Feature,,,,,,,,,,,,,,,,,,,,,,,,,,,,
,,,,,,Operations,,,,,,,,,,,,,,,,,,,,,,,,,,,,
,,,,,,,,,,,,,,,,,,,,,,,,,,,,,,,,,,
,,,,,,,,,,,,,,,,,,,,,,,,,,,,,,,,,,
,,,,,,,,,,,,,,,,,,,,,,,,,,,,,,,,,,
,,,,,,,,,,,,,,,,,,,,,,,,,,,,,,,,,,
,,,,,,,,,,,,,,,,,,,,,,,,,,,,,,,,,,
,,,Facebook,Main app,01/09/2020,Policy,Political Ads,No,,,https://about.fb.com/news/2020/01/political-ads/,,,,,,,,,,,,,,,,,,,,,,,
,,,Facebook,Main app,01/06/2020,Feature,Privacy,No,,,https://about.fb.com/news/2020/01/privacy-checkup/,,,A new tool that helps users make decisions about their privacy settings,,,,,,,,,,,,,,,,,,,,
,,,Facebook,Main app,01/06/2020,Policy,Information/Misinformation/Content Regulation,No,,,https://about.fb.com/news/2020/01/enforcing-against-manipulated-media/,,,Facebook decided to remove misleading manipulated media that fits certain criteria,,,,,,,,,,,,,,,,,,,,
,,,Facebook,Main app,01/28/2020,Feature,Privacy,No,,,https://about.fb.com/news/2020/01/data-privacy-day-2020/,,,Facebook introduces new features that inform the user of third party logins and informs users about how their information is being used,,,,,,,,,,,,,,,,,,,,
,,,Facebook,Main app,01/30/2020,Policy,Information/Misinformation/ Content regulation,Yes,,TRUE,https://about.fb.com/news/2020/05/coronavirus/,,,Introduction of policies regarding COVID-19. Facebook decides to remove misinformation and conspiracy theories as well as provide credible information,,,,,,,,,,,,,,,,,,,,
,,,Facebook,Messenger,02/04/2020,Feature,Messenger Kids,No,,,https://about.fb.com/news/2020/02/messenger-kids-controls/,,,This update to Messenger Kids gave parents more access to their childrens' app usage.,,,,,,,,,,,,,,,,,,,,
,,,Facebook,,02/13/2020,Operations,,No,,,https://research.fb.com/blog/2020/02/new-privacy-protected-facebook-data-for-independent-research-on-social-medias-impact-on-democracy/,,,Facebook releases more data to independent academic researchers.,,,,,,,,,,,,,,,,,,,,
,,,Facebook,Main app,02/13/2020,Policy,Political Ads,No,,,https://www.cbsnews.com/news/facebook-political-ad-policy-change-bloomberg-meme-instagram-influencers/,https://www.theguardian.com/technology/2020/feb/14/facebook-reverses-political-ads-rule-bloomberg-finds-loophole,,Facebook allows U.S. based political candidates to release branded content.,,,,,,,,,,,,,,,,,,,,
,,,Facebook,,02/17/2020,Operations,Content Regulation,No,,,https://about.fb.com/news/2020/02/online-content-regulation/,,,Facebook publishes a white paper offering questions and suggesstions about how to manage content in the future. ,,,,,,,,,,,,,,,,,,,,
,,,Facebook,,02/18/2020,Policy,Content Regulation,Yes,Singapore,,https://www.thedrum.com/news/2020/02/19/facebook-expresses-censorship-concerns-after-blocking-singapore-users-access-fake,https://www.straitstimes.com/politics/facebook-blocks-access-to-states-times-review-page,,Facebook blocks Singapore-based users' access to the State Times' Review due to an order from the Singaporean government,,,,,,,,,,,,,,,,,,,,
,,,Facebook,Main app,02/26/2020,Policy,Information/Misinformation/Advertisements/Content Regulation,Yes,,,https://about.fb.com/news/2020/05/coronavirus/,,,Facebook prohibits ads that guarantee a coronavirus cure or create a sense of panic.,,,,,,,,,,,,,,,,,,,,
,,,Facebook,Main app,03/03/2020,Policy/Operations,Information/Misinformation/Privacy/Advertisements,Yes,,,https://about.fb.com/news/2020/05/coronavirus/,,,Mark Zuckerberg posts update in which he says Facebook is giving unlimited free add space to the WHO and is sharing anonymized user data to help track the spread of the virus.,,,,,,,,,,,,,,,,,,,,
,,,Facebook,Main app,03/06/2020,Policy,Advertisements/Content Regulation,Yes,,,https://about.fb.com/news/2020/05/coronavirus/,,,Facebook bans advertisements for medical face masks,,,,,,,,,,,,,,,,,,,,
,,,Facebook,Main app,03/12/2020,Feature,Information/Misinformation,Yes,,,https://about.fb.com/news/2020/05/coronavirus/,,,Facebook introduces a business resources hub to provide information to businesses and expands access to local alerts.,,,,,,,,,,,,,,,,,,,,
,,,Facebook,,03/16/2020,,Statement,Yes,,,https://about.fb.com/news/2020/05/coronavirus/,,,"Facebook makes a joint statement with Google, Microsoft, Twitter, LinkdenIn, Reddit, and Youtube",,,,,,,,,,,,,,,,,,,,
,,,Facebook,,03/17/2020,Operations,,Yes,,,https://about.fb.com/news/2020/05/coronavirus/,,,Facebook launches a $100 million grant program for small businesses and a $1 million grant porgram for fact checkers. ,,,,,,,,,,,,,,,,,,,,
,,,Facebook,Main app,03/18/2020,Feature,Information/Misinformation,Yes,,,https://about.fb.com/news/2020/05/coronavirus/,,,Facebook launches an information hub on the Facebook app to provide up to date information about the coronavirus. ,,,,,,,,,,,,,,,,,,,,
,,,Facebook,Main app,03/18/2020,Policy,,Yes,,,https://about.fb.com/news/2020/05/coronavirus/,,,Facebook offers 12 months of free Workplace Advanced to government agencies and emergency service providers.,,,,,,,,,,,,,,,,,,,,
,,,Facebook,Main app,03/19/2020,Policy,Advertisements/Content Regulation,Yes,,,https://about.fb.com/news/2020/05/coronavirus/,,,"Facebook bans advertisements for hand sanitzer, disinfecting wipes, and COVID-19 testing kits.",,,,,,,,,,,,,,,,,,,,
,,,Facebook,Main app,03/23/2020,Policy,Information/Misinformation,Yes,,,https://about.fb.com/news/2020/05/coronavirus/,,,Facebook starts an initiative to help government agenicies broadcast their message on Facebook.,,,,,,,,,,,,,,,,,,,,
,,,Facebook,Main app,03/24/2020,Policy,Advertisements,Yes/No,,TRUE,https://www.facebook.com/business/help/213593616543953,,,Facebook requires authorization to run ads about election or social issues in specific countries. ,,,,,,,,,,,,,,,,,,,,
,,,Facebook,,03/25/2020,,Information/Misinformation,Yes,,,https://about.fb.com/news/2020/03/combating-covid-19-misinformation/,,,An overview of Facebook's policies to combat misninformation about Coronavirus.,,,,,,,,,,,,,,,,,,,,
,,,Facebook,Get Digital,03/26/2020,Feature,Information/Misinformation,No/Yes,,,https://www.facebook.com/fbgetdigital,https://about.fb.com/news/2020/05/coronavirus/,,Facebook launches a digital literacy program to provide resources and training to help people navigate the intenet safely.,,,,,,,,,,,,,,,,,,,,
,,,Facebook,,03/30/2020,Operations,,Yes,,,https://about.fb.com/news/2020/05/coronavirus/,,,Facebook invests $100 million in the news industry,,,,,,,,,,,,,,,,,,,,
,,,Facebook,Main app,03/30/2020,Feature,Privacy,No,,,https://about.fb.com/news/2020/03/data-access-tools/,,,Facebook updates its data access tools to allow users to access more data about their app usage and the information they interact with.,,,,,,,,,,,,,,,,,,,,
,,,Facebook,,03/30/2020,Operations,,Yes,,,https://about.fb.com/news/2020/05/coronavirus/,,,Facebook donates $25 million to support health care workers.,,,,,,,,,,,,,,,,,,,,
,,,Facebook,Main app,03/30/2020,Feature,Advertisements,No,,,https://www.facebook.com/business/news/evolving-the-way-businesses-test-and-learn-with-experiments/#,,,Facebook adds an ads experiment feature to allow users to test different advertising strategies.,,,,,,,,,,,,,,,,,,,,
,,,Facebook,Main app,03/31/2020,Feature,Publishing,No,,,https://www.facebook.com/facebookmedia/blog/publishing-on-facebook-leveraging-playlists-series-and-bulk-features,,,Facebook updates video publishing to make it easier and more accessible. ,,,,,,,,,,,,,,,,,,,,
,,,Facebook,Main app,03/31/2020,Feature,Community Help,Yes,,,https://www.facebook.com/coronavirus_info/request_offer_help/?page_source=fb_marketing_covid_mar_campaign,https://about.fb.com/news/2020/05/coronavirus/,,Facebook launches Community Help to allow users to seek and offer help to thei local communities.,,,,,,,,,,,,,,,,,,,,
,,,Facebook,Main app,04/01/2020,Policy,Information/Misinformation/Content Regulation,No,,,https://about.fb.com/news/2020/04/census/,,,Facebook updates its policies on protecting the census and removing suppressive information.,,,,,,,,,,,,,,,,,,,,
,,,Facebook,Main app,04/06/2020,Feature,Data Tools,Yes,,,https://about.fb.com/news/2020/05/coronavirus/,,,Facebook announces new tools to help researchers track the virus.,,,,,,,,,,,,,,,,,,,,
,,,Facebook,Main app,04/07/2020,Feature,Information/Misinformation,Yes,,,https://about.fb.com/news/2020/05/coronavirus/,,,Facebook expands local alerts and provides information pop-ups in COVID-19 related groups.,,,,,,,,,,,,,,,,,,,,
,,,Facebook,Main app,04/09/2020,Feature,Wellness,Yes,,,https://about.fb.com/news/2020/05/coronavirus/,,,Facebook introduces new tools and resources to promote well-being including new access to a mental health live series and quiet mode.,,,,,,,,,,,,,,,,,,,,
,,,Facebook,Main app,04/11/2020,Feature,Advertisements,No,,,https://www.facebook.com/business/help/460757221286655,,,Facebook prevents advertisements from appearing on Audience Network in-stream videos or websites.,,,,,,,,,,,,,,,,,,,,
,,,Facebook,Messenger,04/14/2020,Feature,Information/Misinformation,Yes,,,https://about.fb.com/news/2020/05/coronavirus/,,,Facebook helps the WHO launch an interactive experience on Messenger that allows users to get timely and reliable information.,,,,,,,,,,,,,,,,,,,,
,,,Facebook,Main app,04/16/2020,Policy,Information/Misinformation,Yes,,,https://about.fb.com/news/2020/04/covid-19-misinfo-update/,,,Facebook updates its approach to preventing coronavirus misinformation and begins informing users via notifications if they have interacted with misinformation.,,,,,,,,,,,,,,,,,,,,
,,,Facebook,,04/20/2020,Operations,Information/Misinformation,Yes,,,https://about.fb.com/news/2020/05/coronavirus/,https://covidcast.cmu.edu/,,Facebook releases a symptom map and continues to gather data to update the map.,,,,,,,,,,,,,,,,,,,,
,,,Facebook,,04/20/2020,Operations,Patents,Yes,,,https://about.fb.com/news/2020/05/coronavirus/,,,Facebook allows free access to their patenets to help promote innovation.,,,,,,,,,,,,,,,,,,,,
,,,Facebook,Main app,04/22/2020,Policy,Information/Misinformation?,No,,TRUE,https://about.fb.com/news/2020/04/page-and-account-transparency/,,,Facebook begins tagging high-reach profiles' posts with information regarding the accounts origin country to increase transparency. ,,,,,,,,,,,,,,,,,,,,
,,,Facebook,Main app,04/23/2020,Policy,Advertisements,No,,,https://tinuiti.com/blog/paid-social/campaign-budget-optimization-announcement/,https://www.facebook.com/business/help/773289396357218,,Facebook reverses an ad policy that centralized ad spending in a central Campaign Budget Optimization system,,,,,,,,,,,,,,,,,,,,
,,,Facebook,Messenger Rooms,04/24/2020,Feature,Messenger Rooms,No,,,https://about.fb.com/news/2020/04/introducing-messenger-rooms/,https://www.forbes.com/sites/kateoflahertyuk/2020/04/26/facebooks-messenger-rooms-is-not-actually-all-that-private-heres-why/#1013579fb098,,Facebook introduces Messenger Rooms,,,,,,,,,,,,,,,,,,,,
,,,Facebook,Main app,05/04/2020,Feature,Community Help,Yes,,,https://about.fb.com/news/2020/05/coronavirus/,,,Facebook expands Community Help,,,,,,,,,,,,,,,,,,,,
,,,Facebook,Main app,05/10/2020,Feature,Businesses Nearby,Yes,,,https://techcrunch.com/2020/05/11/facebook-and-instagram-ad-new-features-to-help-you-find-and-support-local-businesses/,https://www.facebook.com/businesses_nearby,,Facebook launches Businesses Nearby to allow users to see posts from nearby businesses.,,,,,,,,,,,,,,,,,,,,
,,,Facebook,,05/12/2020,Operations,Statement,No,,,https://about.fb.com/news/2020/05/community-standards-enforcement-report-may-2020/,,,Facebook releases its community standards enforcement report.,,,,,,,,,,,,,,,,,,,,
,,,Facebook,Main app,05/12/2020,Feature,Advertisements,No,,,https://www.facebook.com/business/news/expanding-our-brand-safety-controls-for-advertisers,,,Facebook expands brand safety controls for advertisers,,,,,,,,,,,,,,,,,,,,
,,,Facebook,Main app,05/19/2020,Feature,Facebook Shops,No,,,https://about.fb.com/news/2020/05/introducing-facebook-shops/,,,Facebook introduces Facebook shops to help small businesses sell products online.,,,,,,,,,,,,,,,,,,,,
,,,Facebook,Main app,05/19/2020,Policy,Content Regulation,No,,,https://www.facebook.com/facebookmedia/blog/updates-and-guidelines-for-including-music-in-video,,,Facebook updates its guidelines on music usage in videos.,,,,,,,,,,,,,,,,,,,,
,,,Facebook,Creator Studio App,05/21/2020,Feature,Creator Studio App,No,,,https://www.facebook.com/facebookmedia/blog/post-creation-now-available-on-creator-studio-app,,,Facebook allows users to post content on the Creator Studio App,,,,,,,,,,,,,,,,,,,,
,,,Twitter,Main app,01/06/2020,Feature,Advertisements,No,,,https://blog.twitter.com/en_us/topics/product/2020/twitter-announces-promoted-trend-spotlight-goes-global.html,,,Twitter introduces Promoted Trend Spotlight for advertisers.,,,,,,,,,,,,,,,,,,,,
,,,Twitter,Main app,01/06/2020,Policy,Advertisements/Information/Misinformation,No,,,https://blog.twitter.com/en_us/topics/company/2020/An-update-of-our-work-around-Taiwan2020.html,,,A summary of Twitter's protection of Taiwan's election including banning political advertisements and introducing a specific hashtag.,,,,,,,,,,,,,,,,,,,,
,,,Twitter,Main app,01/29/2020,Policy,Information/Misinformation/Content Regulation,Yes,,,https://blog.twitter.com/en_us/topics/company/2020/authoritative-information-about-novel-coronavirus.html,,,Twitter begins suggesting credible news sources when users search for coronavirus.,,,,,,,,,,,,,,,,,,,,
,,,Twitter,Main app,02/04/2020,Policy,Information/Misinformation/Content Regulation,No,,,https://blog.twitter.com/en_us/topics/company/2020/new-approach-to-synthetic-and-manipulated-media.html,,,Twitter announces its approach to manipulated media including guidelines on what content will be labeled and what content will be removed.,,,,,,,,,,,,,,,,,,,,
,,,Twitter,,02/11/2020,Operations,Information/Misinformation,No,,,https://blog.twitter.com/en_us/topics/events/2020/safer-internet-day-2020-creating-a-better-internet-for-all.html,,,Twitter provides internet safety training aroung the world throughout the month of February,,,,,,,,,,,,,,,,,,,,
,,,Twitter,Main app,02/11/2020,Policy,Information/Misinformation/Content Regulation,No,,,https://blog.twitter.com/en_us/topics/company/2020/us-census-search-prompt.html,,,Twitter introduces a dedicated census search tool and increases efforts to remove misinformation regarding the census.,,,,,,,,,,,,,,,,,,,,
,,,Twitter,Main app,03/04/2020,Policy,Information/Misinformation/Content Regulation/Advertisements,Yes,,TRUE,https://blog.twitter.com/en_us/topics/company/2020/stepping-up-our-work-to-protect-the-public-conversation-around-covid-19.html,,,"Twitter expands its coronavirus search function, increases efforts to remove manipulative content, and bans innaproporiate advertisements.",,,,,,,,,,,,,,,,,,,,
,,,Twitter,Main app,03/05/2020,Policy,Content Regulation,No,,,https://blog.twitter.com/en_us/topics/company/2019/hatefulconductupdate.html,,,Twitter updates its policies regarding hateful speech.,,,,,,,,,,,,,,,,,,,,
,,,Twitter,Main app,03/16/2020,Policy,Information/Misinformation/Content Regulation,Yes,,,https://blog.twitter.com/en_us/topics/company/2020/An-update-on-our-continuity-strategy-during-COVID-19.html,,,Twitter updates its policies regarding COVID-19 to further prevent misinformation and remove tweets that deny information from trusted agencies or promote unsafe practices.,,,,,,,,,,,,,,,,,,,,
,,,Twitter,Main app,03/16/2020,Policy,Automated technology,Yes,,,https://blog.twitter.com/en_us/topics/company/2020/covid-19.html,,,Twitter increases its reliance on automated technology to perform content regulation.,,,,,,,,,,,,,,,,,,,,
,,,Twitter,Main app,03/20/2020,Policy,Information/Misinformation,Yes,,,https://blog.twitter.com/en_us/topics/company/2020/covid-19.html,,,Twitter begins verifying accounts providing reliable COVID-19 information.,,,,,,,,,,,,,,,,,,,,
,,,Twitter,,03/24/2020,Operations,Journalism,Yes,,,https://blog.twitter.com/en_us/topics/company/2020/giving-back-covid-19.html,,,Twitter announces a grant program to support journalism during COVID-19.,,,,,,,,,,,,,,,,,,,,
,,,Twitter,,03/24/2020,Operations,COVID-19 Global Hackathon,Yes,,,https://blog.twitter.com/en_us/topics/company/2020/covid-19.html,,,"Twitter supports the COVID-19 Global Hackathon, an opportunity to develop software solutions with positive social impacts.",,,,,,,,,,,,,,,,,,,,
,,,Twitter,Main app,03/27/2020,Policy,Information/Misinformation/Content Regulation,Yes,,,https://blog.twitter.com/en_us/topics/company/2020/covid-19.html,,,Twitter updates its guidelines concerning content regulation. Twitter decides to remove content that denies safety information from trusted agenices as well as content that could harm public health.,,,,,,,,,,,,,,,,,,,,
,,,Twitter,Main app,04/01/2020,Policy,Information/Misinformation/Content Regulation,Yes,,,https://blog.twitter.com/en_us/topics/company/2020/covid-19.html,,,Tiwtter broadens its definition of harmful content  to include more unverified claims and content that can incite people to action.,,,,,,,,,,,,,,,,,,,,
,,,Twitter,Main app,04/02/2020,Policy,Advertisements,Yes,,,https://blog.twitter.com/en_us/topics/company/2020/covid-19.html,,,Twitter allows advertisements that implicitly or in some cases explicitly mention COVID-19.,,,,,,,,,,,,,,,,,,,,
,,,Twitter,TechTogether.co,04/10/2020,Feature,Information/Misinformation,No,,,https://blog.twitter.com/en_us/topics/company/2020/covid-19.html,,,Twitter in collaboration with other technology companies creates a new site to provide resources for those experiencing a substance use disorder.,,,,,,,,,,,,,,,,,,,,
,,,Twitter,Main app,04/22/2020,Policy,Information/Misinformation/Content Regulation,Yes,,,https://blog.twitter.com/en_us/topics/company/2020/covid-19.html,,,Twitter prohibits unverified claims regarding coronavirus that could incite people to action.,,,,,,,,,,,,,,,,,,,,
,,,Twitter,Main app,04/22/2020,Policy,Information/Misinformation,No,,,https://blog.twitter.com/en_us/topics/company/2020/earth-day-2020.html,,,Twitter promotes information regarding the environment in support of Earth Day.,,,,,,,,,,,,,,,,,,,,
,,,Twitter,Main app,04/27/2020,Policy,Information/Misinformation,Yes,,,https://blog.twitter.com/en_us/topics/company/2020/korean-election-2020.html,,,Twitter introduces new policies to both protect discussion of the Korean election and to promote engagement with it,,,,,,,,,,,,,,,,,,,,
,,,Twitter,Main app,04/29/2020,Policy,Enabling research ,Yes,,,https://blog.twitter.com/en_us/topics/company/2020/covid-19.html,,,,,,,,,,,,,,,,,,,,,,,
,,,Twitter,Main app,05/11/2020,Policy,Information/Misinformation,Yes,,,https://blog.twitter.com/en_us/topics/product/2020/updating-our-approach-to-misleading-information.html,,,Twitter introduces new labels and warnings on tweets that contain coronavirus misinformation,,,,,,,,,,,,,,,,,,,,
,,,Twitter,Main app,05/18/2020,Policy,Bots,No,,,https://blog.twitter.com/en_us/topics/company/2020/bot-or-not.html,,,Twitter releases official guidelines regarding what bots are and what uses of bots are prohibited.,,,,,,,,,,,,,,,,,,,,
,,,Twitter,Main app,05/20/2020,Feature,Privacy,No,,,https://blog.twitter.com/en_us/topics/product/2020/testing-new-conversation-settings.html,,,Twitter introduces new conversation control settings that allow users to control replies on their posts,,,,,,,,,,,,,,,,,,,,
,,,Twitter,Main app,05/26/2020,Policy,Internet Shutdowns,No,,,https://blog.twitter.com/en_us/topics/company/2020/keep-it-on-making-your-voice-heard-to-end-internet-shutdowns.html,,,Twitter announces new initiative to prevent internet shutdowns around the world.,,,,,,,,,,,,,,,,,,,,
,,,Twitter,,05/27/2020,Operations,Statement,No,,,https://blog.twitter.com/en_us/topics/company/2020/inclusion-and-diversity-report-may-2020.html,,,Twitter releases its Inclusion and Diversity report.,,,,,,,,,,,,,,,,,,,,
,,,Youtube ,Main app,1/6/20,Policy,Privacy,No,,,https://youtube.googleblog.com/search?updated-max=2020-02-03T03:00:00-08:00&max-results=7&start=7&by-date=false,,,"Youtube treats personal information from anyone watching children's conent on the platform as coming from a child. On videos made for kids, Youtube limits data collection and use, resulting in the restriction of certain product features. Also, Youtube will promote Youtube Kids across all made for kids content. ",,,,,,,,,,,,,,,,,,,,
,,"2 things: First, the policy change itself is dated March 11, 2020. But, the content of the post detailing the policy change says ""starting in February."" Second, there is a local element to this too that I think is worth flagging. The countries/regions where this info panel is available are Germany, South Korea, Spain, the United Kingdom, and the United States. Reference URL 2 provides some information as to where the information comes from.",Youtube ,Main app,03/11/2020,Feature,Community Help,Yes,,TRUE,https://support.google.com/youtube/answer/9777243?p=covid19_updates&visit_id=637194868739116880-4122912225&rd=1,https://support.google.com/youtube/answer/7630512?hl=en,,Youtube launches info panels that drive users to the WHO or to lical resources that reflect local government guidelines. Youtube says they'll donate ad inventory to governments and NGOs in impacted regions to use for education and information. ,,,,,,,,,,,,,,,,,,,,
,,,Youtube ,Main app,03/16/2020,Policy?,Content Regulation,Yes,,TRUE?,https://youtube-creators.googleblog.com/2020/03/protecting-our-extended-workforce-and.html,,,"Youtube is taking the steps needed to prioritize the well-being of their employees, particularly through relying more on technology to help with the work normally done by reviewers. Youtube cautions that this may result in increased video removals, including videos that may not violate policies. Creators can appeal the decision to remove the video. Youtube will also be cautious about what content gets promoted, and in some cases, unreviewed content may not be availabe via search, on the homepage, or in recommendations. ",,,,,,,,,,,,,,,,,,,,
,,,Youtube ,Main app,03/17/2020,Operations,Statement,Yes,,,https://support.google.com/youtube/answer/9777243?p=covid19_updates&visit_id=637194868739116880-4122912225&rd=1,,,"Youtube tells its users to expect longer than usual wait times for responses to questions across all forms of support including email, chat, and social. ",,,,,,,,,,,,,,,,,,,,
,,"Content in this news shelf is populated algorithmically, using hundreds of signals, including relevance to COVID-19, how up-to-date it is, and region. Flagging region aspect - could be interesting. ",Youtube ,Main app,03/19/2020,Feature,Content/Community Help,Yes,,,https://support.google.com/youtube/answer/9777243?p=covid19_updates&visit_id=637194868739116880-4122912225&rd=1,https://youtube.googleblog.com/2019/12/the-four-rs-of-responsibility-raise-and-reduce.html,,Youtube introduces a COVID-19 news shelf that may show on the Youtube homepage. ,,,,,,,,,,,,,,,,,,,,
,,,Youtube ,Main app ,03/20/2020,Feature,Content/Community Help,Yes,,,https://support.google.com/youtube/answer/9777243?p=covid19_updates&visit_id=637194868739116880-4122912225&rd=1,,,"Due to impact of the coronavrius on the Youtube workforce, Community posts are unavailable on some channels. ",,,,,,,,,,,,,,,,,,,,
,,,Youtube ,Main app,03/20/2020,Feature,Community Help,Yes,,TRUE,https://youtube.googleblog.com/2020/03/covid-19-resources-to-help-people-learn.html,,,"Youtube launches Learn@Home, a website with learning resources and content for family. ",,,,,,,,,,,,,,,,,,,,
,,,Youtube ,Main app,03/20/2020,Operations,Bandwith Usage,Yes,"European Union, United Kingdom, and Switzerland",,https://support.google.com/youtube/answer/9777243?p=covid19_updates&visit_id=637194868739116880-4122912225&rd=1,,,"Youtube defaults all videos on their platform to standard definition in the EU, UK, and CH.",,,,,,,,,,,,,,,,,,,,
,,,Youtube ,Main app,03/24/2020,Operations,Bandwith Usage,Yes,,,https://support.google.com/youtube/answer/9777243?p=covid19_updates&visit_id=637194868739116880-4122912225&rd=1,,,"Youtube defaults all videos on their platform to standard definition, globally. ",,,,,,,,,,,,,,,,,,,,
,,,Youtube ,Main app,04/01/2020,Feature,Community Help,Yes,,,https://support.google.com/youtube/answer/9777243?p=covid19_updates&visit_id=637266192459573632-404351941&rd=1,,,"Youtube launches additional health panels for COVID-19 that show in search results for COVID-19 related searches. Specifically, Youtube is trying to prioritize local health sources, so may provide a link to a local health authority alongisde the health panel. ",,,,,,,,,,,,,,,,,,,,
,,,Youtube ,Main app,04/02/2020,Policy,Advertisements,Yes,,,https://support.google.com/youtube/answer/9777243?p=covid19_updates&visit_id=637266192459573632-404351941&rd=1,,,Youtube expands the monetization of content mentioning or feauturing COVID-19 to all creators and news organizations. ,,,,,,,,,,,,,,,,,,,,
,,,Youtube ,Main app,04/08/2020,Operations,Community Help,Yes,,,https://youtube.googleblog.com/2020/04/pray-withme-connect-online-faith-community.html,,,"To assist faith organizations everywhere who are new to online services, Youtube has brought together helpful information to get started with live streaming. In particular, there are a set of tutorials in a playlist (last updated May 5, 2020). ",,,,,,,,,,,,,,,,,,,,
,,,Youtube ,Main app,04/13/2020,Feature,Content/Community Help,Yes,,,https://support.google.com/youtube/answer/9777243?p=covid19_updates&visit_id=637266192459573632-404351941&rd=1,,,Youtube introduces a destination button on the Explore tab for content from creators participating in the #StayHome #WithMe campaign.,,,,,,,,,,,,,,,,,,,,
,,,Youtube ,Main app/Youtube Originals,04/22/2020,Feature/Content,Community Help,Yes,,,https://youtube.googleblog.com/2020/04/youtube-originals-announces-slate-of.html,,,Youtube Originals announces slate of new content amidst COVID-19 #WithMe initiatives ,,,,,,,,,,,,,,,,,,,,
,,,Youtube ,Main app,04/28/2020,Feature,Information/Misinformation,Yes,"United States specific - only available in Brazil, India, and USA - nowhere else, thus far",TRUE,https://youtube.googleblog.com/2020/04/expanding-fact-checks-on-youtube-to-united-states.html,https://support.google.com/youtube/answer/9229632?hl=en,,Youtube continues to improve the news experience on their platform in the United States by expanding fact check information panels that were first launched in Brazil and India in 2019.,,,,,,,,,,,,,,,,,,,,
,,,Youtube ,Main app,04/30/2020,Feature,Community Help,Yes,"United States specific, so far",,https://support.google.com/youtube/answer/9777243?p=covid19_updates&visit_id=637266192459573632-404351941&rd=1,,,Youtube launches a link to a COVID-19 assessment in their COVID-19 health panel in Search to help people make decisions about seeking appropriate medical care. ,,,,,,,,,,,,,,,,,,,,
,,Seems a bit irrelevant.,Youtube ,Main app/Youtube Music,05/12/2020,Feature,Music,No,,,https://youtube.googleblog.com/2020/05/youtube-music-transfer-google-play-music-library.html,,,"Youtube Music officially invites Google Play Music listeners to transfer their music libraries, personal taste preferences and playlists to YouTube Music. ",,,,,,,,,,,,,,,,,,,,
,,,Youtube ,Main app,05/20/2020,Policy,Information/Misinformation,Yes,,,https://support.google.com/youtube/answer/9777243?p=covid19_updates&visit_id=637266192459573632-404351941&rd=1,https://support.google.com/youtube/answer/9891785,,"Youtube updates its Community Guidelines to include a page on COVID-19 misinformation. In particular, misinformation includes information that contradicts the WHO or local health authorities' medical information about COVID-19. ",,,,,,,,,,,,,,,,,,,,
,,"Clarity on how TikTok defines harmful or unsafe content. A point on global vs. local mentioned in the article - ""Our global guidelines are the basis of the moderation policies TikTok's regional and country teams localize and implement in accordance with local laws and norms.""",TikTok ,Main app ,01/06/2020,Policy ,Content Regulation/Statement,No,,TRUE,https://newsroom.tiktok.com/en-us/adding-clarity-to-our-community-guidelines,https://www.tiktok.com/community-guidelines?lang=en,,"TikTok releases a comprehensive, expanded publication of the Community Guidelines. ",,,,,,,,,,,,,,,,,,,,
,,,TikTok ,Main app,01/28/2020,Policy,Information/Misinformation,No,,,https://newsroom.tiktok.com/en-us/building-to-support-integrity,,,"TikTok adds more detailed reporting options to help their community flag things for them to review; particularly, users are able to report content with deceptive information by selecting the new ""misinformation category."" Furthermore, TikTok will beging to surface in-app notices on election-related hashtag pages to remind users of the importance of adhering to their Community Guidelines. ",,,,,,,,,,,,,,,,,,,,
,,,TikTok ,Main app ,02/13/2020,Feature,Community Help,No,,,https://newsroom.tiktok.com/en-us/helping-users-manage-their-screen-time,,,"TikTok adds new screen time management videos, in addition to their Screen Time Management setting that is part of the Digital Wellbeing portion of the app. ",,,,,,,,,,,,,,,,,,,,
,,One word mention of coronavirus related hashtag - not sure if that makes it enough for it to be coronavirus related. ,TikTok ,Main app,02/20/2020,Policy?,Statement/Information/Misinformation,No,United States specific ,,https://newsroom.tiktok.com/en-us/an-update-on-tiktoks-efforts-in-the-us,,,"An update regarding TikTok's efforts in the US: growing their local presence, expanding their expertise, strengthening their youth safety efforts, and building in line with their values. Speicifcally, TikTok announces that they are working with third-party fact checking and media literacy organizations to counter potential misinformation. TikTok has also surfaced in-app notices related to topical issues like coronavrius or election-related content. ",,,,,,,,,,,,,,,,,,,,
,,,TikTok ,Main app,03/05/2020,Policy,Content Regulation ,No,,,https://newsroom.tiktok.com/en-us/protecting-against-exploitative-content,https://newsroom.tiktok.com/en-us/tiktok-supports-and-promotes-the-voluntary-principles-to-counter-online-child-exploitation,,"TikTok is protecting against exploitative content by prohibiting content that depicts or disseminates child abuse, child nudity, or sexual exploitation of children. Tiktok is promoting and supporting the implementation of the Voluntary Principles to Counter Online Child Sexual Exploitation and Abuse.  ",,,,,,,,,,,,,,,,,,,,
,,"This is the opening of a physical facility in Los Angeles, so not entirely sure where this stands in terms of policy/feature/operations. ",Tiktok ,Main app,03/11/2020,Operations,Content Regulation,No,,,https://newsroom.tiktok.com/en-us/tiktok-to-launch-transparency-center-for-moderation-and-data-practices,,,Tiktok to launch Transparency Center for Moderation and data practices. Update May 27 - opening of center has been delayed. ,,,,,,,,,,,,,,,,,,,,
,,,Tiktok ,Main app,03/16/2020,Feature,Community Help,Yes,,TRUE,https://newsroom.tiktok.com/en-us/who-to-livestream-on-tiktok,,,"Tiktok partners with the WHO to create an informational page (along with sharing videos and livestreams from the WHO Tiktok page) on Tiktok that provides trustworthy information, offers tips on staying safe and preventing the spread of the virus, and dispels myths around COVID-19. ",,,,,,,,,,,,,,,,,,,,
,,,Tiktok ,Main app ,03/18/2020,Operations,Content Regulation,No,,,https://newsroom.tiktok.com/en-us/introducing-the-tiktok-content-advisory-council,,,Tiktok introduces thhe important gathering of technology and safety experts who will help shape their policies as the founding members of Tiktok's Content Advisory Council. ,,,,,,,,,,,,,,,,,,,,
,,,Instagram,Main app,01/30/2020,Policy,Information/Misinformation,Yes,,,https://about.fb.com/news/2020/05/coronavirus/,,,Instagram begins removing hashtags used to spread false information about the coronavirus.,,,,,,,,,,,,,,,,,,,,
,,,Instagram,Main app,02/11/2020,Feature,Safer Internet Day,No,,TRUE,https://about.instagram.com/blog/announcements/safer-internet-day-2020/,,,"Instagram releases updates on internet safety day concerning misinformation, privacy, bullying and harrassment, reporting, and more. ",,,,,,,,,,,,,,,,,,,,
,,,Instagram,Main app,03/06/2020,Policy,Information/Misinformation,Yes,,TRUE,https://about.fb.com/news/2020/05/coronavirus/,,,Instagram begins removing harmful misleading information about the coronavirus.,,,,,,,,,,,,,,,,,,,,
,,,Instagram,Main app,03/13/2020,Policy,Information,Yes,,,https://about.fb.com/news/2020/05/coronavirus/,,,Instagram begins promoting information from the WHO on its platform.,,,,,,,,,,,,,,,,,,,,
,,,Instagram,Main app,03/19/2020,Policy,Advertisements,Yes,,,https://about.fb.com/news/2020/05/coronavirus/,,,"Instagram bans advertisements selling face masks, disinfecting wipes, and testing kits. ",,,,,,,,,,,,,,,,,,,,
,,,Instagram,Main app,03/24/2020,Policy,Coronavirus Response,Yes,,,https://about.instagram.com/blog/announcements/coronavirus-keeping-people-safe-informed-and-supported-on-instagram/,,,Instagram promotes trustworthy information about COVID-19 and begins to prohibit exploitative ads and remove false information.,,,,,,,,,,,,,,,,,,,,
,,,Instagram,Main app,04/09/2020,Policy,Information,Yes,,,https://about.fb.com/news/2020/05/coronavirus/,,,Instagram shares tips and resources on how people can take care of themselves during quarantine. ,,,,,,,,,,,,,,,,,,,,
,,,Instagram,Main app,04/15/2020,Feature,Supporting small businesses,Yes,,,https://about.instagram.com/blog/announcements/how-to-support-small-businesses-during-covid-19/,,,Instagram introduces new features to help support small businesses.,,,,,,,,,,,,,,,,,,,,
,,,Instagram,Main app,04/23/2020,Policy,Month of Good,No,,,https://about.instagram.com/blog/announcements/instagrams-month-of-good/,,,Instagram announces its month of good to promote kindness on the app.,,,,,,,,,,,,,,,,,,,,
,,,Instagram,Main app,04/28/2020,Feature,Live donations,Yes,,,https://about.instagram.com/blog/announcements/introducing-live-donations-to-help-support-causes-you-care-about/,,,Instagram introduces a new feature enabling donations on Instagram live,,,,,,,,,,,,,,,,,,,,
,,,Instagram,Main app,05/12/2020,Feature,Bullying,No,,,https://about.instagram.com/blog/announcements/continuing-our-work-to-fight-online-bullying/,,,Instagram announces new policies to combat online bullying including limiting unwanted interactions and highlighting positive comments.,,,,,,,,,,,,,,,,,,,,
,,,Instagram,Main app,05/18/2020,Feature,Guides,No,,,https://about.instagram.com/blog/announcements/supporting-well-being-with-instagram-guides/,,,"Instagram introduces Guides, a way to more easily find content, information, and tips from creators.",,,,,,,,,,,,,,,,,,,,
,,,Instagram,Main app,05/20/2020,Policy,Content Regulation,No,,,https://about.instagram.com/blog/tips-and-tricks/updates-and-guidelines-for-including-music-in-video/,,,Instagram updates its guidelines for what uses of music are allowed on the app.,,,,,,,,,,,,,,,,,,,,
,,,Instagram,Main app,05/27/2020,Policy,Monetization,No,,,https://about.instagram.com/blog/tips-and-tricks/updates-and-guidelines-for-including-music-in-video/,,,Instagram introduces new ways for creators to monetize their content.,,,,,,,,,,,,,,,,,,,,
,,,,,,,,,,,,,,,,,,,,,,,,,,,,,,,,,,
,,,,,,,,,,,,,,,,,,,,,,,,,,,,,,,,,,
,,,,,,,,,,,,,,,,,,,,,,,,,,,,,,,,,,
,,,,,,,,,,,,,,,,,,,,,,,,,,,,,,,,,,
,,,,,,,,,,,,,,,,,,,,,,,,,,,,,,,,,,
,,,,,,,,,,,,,,,,,,,,,,,,,,,,,,,,,,
,,,,,,,,,,,,,,,,,,,,,,,,,,,,,,,,,,
,,,,,,,,,,,,,,,,,,,,,,,,,,,,,,,,,,
,,,,,,,,,,,,,,,,,,,,,,,,,,,,,,,,,,
,,,,,,,,,,,,,,,,,,,,,,,,,,,,,,,,,,
,,,,,,,,,,,,,,,,,,,,,,,,,,,,,,,,,,
,,,,,,,,,,,,,,,,,,,,,,,,,,,,,,,,,,
,,,,,,,,,,,,,,,,,,,,,,,,,,,,,,,,,,
,,,,,,,,,,,,,,,,,,,,,,,,,,,,,,,,,,
,,,,,,,,,,,,,,,,,,,,,,,,,,,,,,,,,,
,,,,,,,,,,,,,,,,,,,,,,,,,,,,,,,,,,
,,,,,,,,,,,,,,,,,,,,,,,,,,,,,,,,,,
,,,,,,,,,,,,,,,,,,,,,,,,,,,,,,,,,,
,,,,,,,,,,,,,,,,,,,,,,,,,,,,,,,,,,
,,,,,,,,,,,,,,,,,,,,,,,,,,,,,,,,,,
,,,,,,,,,,,,,,,,,,,,,,,,,,,,,,,,,,
,,,,,,,,,,,,,,,,,,,,,,,,,,,,,,,,,,
,,,,,,,,,,,,,,,,,,,,,,,,,,,,,,,,,,
,,,,,,,,,,,,,,,,,,,,,,,,,,,,,,,,,,
,,,,,,,,,,,,,,,,,,,,,,,,,,,,,,,,,,
,,,,,,,,,,,,,,,,,,,,,,,,,,,,,,,,,,
,,,,,,,,,,,,,,,,,,,,,,,,,,,,,,,,,,
,,,,,,,,,,,,,,,,,,,,,,,,,,,,,,,,,,
,,,,,,,,,,,,,,,,,,,,,,,,,,,,,,,,,,
,,,,,,,,,,,,,,,,,,,,,,,,,,,,,,,,,,
,,,,,,,,,,,,,,,,,,,,,,,,,,,,,,,,,,
,,,,,,,,,,,,,,,,,,,,,,,,,,,,,,,,,,
,,,,,,,,,,,,,,,,,,,,,,,,,,,,,,,,,,
,,,,,,,,,,,,,,,,,,,,,,,,,,,,,,,,,,
,,,,,,,,,,,,,,,,,,,,,,,,,,,,,,,,,,
,,,,,,,,,,,,,,,,,,,,,,,,,,,,,,,,,,
,,,,,,,,,,,,,,,,,,,,,,,,,,,,,,,,,,
,,,,,,,,,,,,,,,,,,,,,,,,,,,,,,,,,,
,,,,,,,,,,,,,,,,,,,,,,,,,,,,,,,,,,
,,,,,,,,,,,,,,,,,,,,,,,,,,,,,,,,,,
,,,,,,,,,,,,,,,,,,,,,,,,,,,,,,,,,,
,,,,,,,,,,,,,,,,,,,,,,,,,,,,,,,,,,
,,,,,,,,,,,,,,,,,,,,,,,,,,,,,,,,,,
,,,,,,,,,,,,,,,,,,,,,,,,,,,,,,,,,,
,,,,,,,,,,,,,,,,,,,,,,,,,,,,,,,,,,
,,,,,,,,,,,,,,,,,,,,,,,,,,,,,,,,,,
,,,,,,,,,,,,,,,,,,,,,,,,,,,,,,,,,,
,,,,,,,,,,,,,,,,,,,,,,,,,,,,,,,,,,
,,,,,,,,,,,,,,,,,,,,,,,,,,,,,,,,,,
,,,,,,,,,,,,,,,,,,,,,,,,,,,,,,,,,,
,,,,,,,,,,,,,,,,,,,,,,,,,,,,,,,,,,
,,,,,,,,,,,,,,,,,,,,,,,,,,,,,,,,,,
,,,,,,,,,,,,,,,,,,,,,,,,,,,,,,,,,,
,,,,,,,,,,,,,,,,,,,,,,,,,,,,,,,,,,
,,,,,,,,,,,,,,,,,,,,,,,,,,,,,,,,,,
,,,,,,,,,,,,,,,,,,,,,,,,,,,,,,,,,,
,,,,,,,,,,,,,,,,,,,,,,,,,,,,,,,,,,
,,,,,,,,,,,,,,,,,,,,,,,,,,,,,,,,,,
,,,,,,,,,,,,,,,,,,,,,,,,,,,,,,,,,,
,,,,,,,,,,,,,,,,,,,,,,,,,,,,,,,,,,
,,,,,,,,,,,,,,,,,,,,,,,,,,,,,,,,,,
,,,,,,,,,,,,,,,,,,,,,,,,,,,,,,,,,,
,,,,,,,,,,,,,,,,,,,,,,,,,,,,,,,,,,
,,,,,,,,,,,,,,,,,,,,,,,,,,,,,,,,,,
,,,,,,,,,,,,,,,,,,,,,,,,,,,,,,,,,,
,,,,,,,,,,,,,,,,,,,,,,,,,,,,,,,,,,
,,,,,,,,,,,,,,,,,,,,,,,,,,,,,,,,,,
,,,,,,,,,,,,,,,,,,,,,,,,,,,,,,,,,,
,,,,,,,,,,,,,,,,,,,,,,,,,,,,,,,,,,
,,,,,,,,,,,,,,,,,,,,,,,,,,,,,,,,,,
,,,,,,,,,,,,,,,,,,,,,,,,,,,,,,,,,,
,,,,,,,,,,,,,,,,,,,,,,,,,,,,,,,,,,
,,,,,,,,,,,,,,,,,,,,,,,,,,,,,,,,,,
,,,,,,,,,,,,,,,,,,,,,,,,,,,,,,,,,,
,,,,,,,,,,,,,,,,,,,,,,,,,,,,,,,,,,
,,,,,,,,,,,,,,,,,,,,,,,,,,,,,,,,,,
,,,,,,,,,,,,,,,,,,,,,,,,,,,,,,,,,,
,,,,,,,,,,,,,,,,,,,,,,,,,,,,,,,,,,
,,,,,,,,,,,,,,,,,,,,,,,,,,,,,,,,,,
,,,,,,,,,,,,,,,,,,,,,,,,,,,,,,,,,,
,,,,,,,,,,,,,,,,,,,,,,,,,,,,,,,,,,
,,,,,,,,,,,,,,,,,,,,,,,,,,,,,,,,,,
,,,,,,,,,,,,,,,,,,,,,,,,,,,,,,,,,,
,,,,,,,,,,,,,,,,,,,,,,,,,,,,,,,,,,
,,,,,,,,,,,,,,,,,,,,,,,,,,,,,,,,,,
,,,,,,,,,,,,,,,,,,,,,,,,,,,,,,,,,,
,,,,,,,,,,,,,,,,,,,,,,,,,,,,,,,,,,
,,,,,,,,,,,,,,,,,,,,,,,,,,,,,,,,,,
,,,,,,,,,,,,,,,,,,,,,,,,,,,,,,,,,,
,,,,,,,,,,,,,,,,,,,,,,,,,,,,,,,,,,
,,,,,,,,,,,,,,,,,,,,,,,,,,,,,,,,,,
,,,,,,,,,,,,,,,,,,,,,,,,,,,,,,,,,,
,,,,,,,,,,,,,,,,,,,,,,,,,,,,,,,,,,
,,,,,,,,,,,,,,,,,,,,,,,,,,,,,,,,,,
,,,,,,,,,,,,,,,,,,,,,,,,,,,,,,,,,,
,,,,,,,,,,,,,,,,,,,,,,,,,,,,,,,,,,
,,,,,,,,,,,,,,,,,,,,,,,,,,,,,,,,,,
,,,,,,,,,,,,,,,,,,,,,,,,,,,,,,,,,,
,,,,,,,,,,,,,,,,,,,,,,,,,,,,,,,,,,
,,,,,,,,,,,,,,,,,,,,,,,,,,,,,,,,,,
,,,,,,,,,,,,,,,,,,,,,,,,,,,,,,,,,,
,,,,,,,,,,,,,,,,,,,,,,,,,,,,,,,,,,
,,,,,,,,,,,,,,,,,,,,,,,,,,,,,,,,,,
,,,,,,,,,,,,,,,,,,,,,,,,,,,,,,,,,,
,,,,,,,,,,,,,,,,,,,,,,,,,,,,,,,,,,
,,,,,,,,,,,,,,,,,,,,,,,,,,,,,,,,,,
,,,,,,,,,,,,,,,,,,,,,,,,,,,,,,,,,,
,,,,,,,,,,,,,,,,,,,,,,,,,,,,,,,,,,
,,,,,,,,,,,,,,,,,,,,,,,,,,,,,,,,,,
,,,,,,,,,,,,,,,,,,,,,,,,,,,,,,,,,,
,,,,,,,,,,,,,,,,,,,,,,,,,,,,,,,,,,
,,,,,,,,,,,,,,,,,,,,,,,,,,,,,,,,,,
,,,,,,,,,,,,,,,,,,,,,,,,,,,,,,,,,,
,,,,,,,,,,,,,,,,,,,,,,,,,,,,,,,,,,
,,,,,,,,,,,,,,,,,,,,,,,,,,,,,,,,,,
,,,,,,,,,,,,,,,,,,,,,,,,,,,,,,,,,,
,,,,,,,,,,,,,,,,,,,,,,,,,,,,,,,,,,
,,,,,,,,,,,,,,,,,,,,,,,,,,,,,,,,,,
,,,,,,,,,,,,,,,,,,,,,,,,,,,,,,,,,,
,,,,,,,,,,,,,,,,,,,,,,,,,,,,,,,,,,
,,,,,,,,,,,,,,,,,,,,,,,,,,,,,,,,,,
,,,,,,,,,,,,,,,,,,,,,,,,,,,,,,,,,,
,,,,,,,,,,,,,,,,,,,,,,,,,,,,,,,,,,
,,,,,,,,,,,,,,,,,,,,,,,,,,,,,,,,,,
,,,,,,,,,,,,,,,,,,,,,,,,,,,,,,,,,,
,,,,,,,,,,,,,,,,,,,,,,,,,,,,,,,,,,
,,,,,,,,,,,,,,,,,,,,,,,,,,,,,,,,,,
,,,,,,,,,,,,,,,,,,,,,,,,,,,,,,,,,,
,,,,,,,,,,,,,,,,,,,,,,,,,,,,,,,,,,
,,,,,,,,,,,,,,,,,,,,,,,,,,,,,,,,,,
,,,,,,,,,,,,,,,,,,,,,,,,,,,,,,,,,,
,,,,,,,,,,,,,,,,,,,,,,,,,,,,,,,,,,
,,,,,,,,,,,,,,,,,,,,,,,,,,,,,,,,,,
,,,,,,,,,,,,,,,,,,,,,,,,,,,,,,,,,,
,,,,,,,,,,,,,,,,,,,,,,,,,,,,,,,,,,
,,,,,,,,,,,,,,,,,,,,,,,,,,,,,,,,,,
,,,,,,,,,,,,,,,,,,,,,,,,,,,,,,,,,,
,,,,,,,,,,,,,,,,,,,,,,,,,,,,,,,,,,
,,,,,,,,,,,,,,,,,,,,,,,,,,,,,,,,,,
,,,,,,,,,,,,,,,,,,,,,,,,,,,,,,,,,,
,,,,,,,,,,,,,,,,,,,,,,,,,,,,,,,,,,
,,,,,,,,,,,,,,,,,,,,,,,,,,,,,,,,,,
,,,,,,,,,,,,,,,,,,,,,,,,,,,,,,,,,,
,,,,,,,,,,,,,,,,,,,,,,,,,,,,,,,,,,
,,,,,,,,,,,,,,,,,,,,,,,,,,,,,,,,,,
,,,,,,,,,,,,,,,,,,,,,,,,,,,,,,,,,,
,,,,,,,,,,,,,,,,,,,,,,,,,,,,,,,,,,
,,,,,,,,,,,,,,,,,,,,,,,,,,,,,,,,,,
,,,,,,,,,,,,,,,,,,,,,,,,,,,,,,,,,,
,,,,,,,,,,,,,,,,,,,,,,,,,,,,,,,,,,
,,,,,,,,,,,,,,,,,,,,,,,,,,,,,,,,,,
,,,,,,,,,,,,,,,,,,,,,,,,,,,,,,,,,,
,,,,,,,,,,,,,,,,,,,,,,,,,,,,,,,,,,
,,,,,,,,,,,,,,,,,,,,,,,,,,,,,,,,,,
,,,,,,,,,,,,,,,,,,,,,,,,,,,,,,,,,,
,,,,,,,,,,,,,,,,,,,,,,,,,,,,,,,,,,
,,,,,,,,,,,,,,,,,,,,,,,,,,,,,,,,,,
,,,,,,,,,,,,,,,,,,,,,,,,,,,,,,,,,,
,,,,,,,,,,,,,,,,,,,,,,,,,,,,,,,,,,
,,,,,,,,,,,,,,,,,,,,,,,,,,,,,,,,,,
,,,,,,,,,,,,,,,,,,,,,,,,,,,,,,,,,,
,,,,,,,,,,,,,,,,,,,,,,,,,,,,,,,,,,
,,,,,,,,,,,,,,,,,,,,,,,,,,,,,,,,,,
,,,,,,,,,,,,,,,,,,,,,,,,,,,,,,,,,,
,,,,,,,,,,,,,,,,,,,,,,,,,,,,,,,,,,
,,,,,,,,,,,,,,,,,,,,,,,,,,,,,,,,,,
,,,,,,,,,,,,,,,,,,,,,,,,,,,,,,,,,,
,,,,,,,,,,,,,,,,,,,,,,,,,,,,,,,,,,
,,,,,,,,,,,,,,,,,,,,,,,,,,,,,,,,,,
,,,,,,,,,,,,,,,,,,,,,,,,,,,,,,,,,,
,,,,,,,,,,,,,,,,,,,,,,,,,,,,,,,,,,
,,,,,,,,,,,,,,,,,,,,,,,,,,,,,,,,,,
,,,,,,,,,,,,,,,,,,,,,,,,,,,,,,,,,,
,,,,,,,,,,,,,,,,,,,,,,,,,,,,,,,,,,
,,,,,,,,,,,,,,,,,,,,,,,,,,,,,,,,,,
,,,,,,,,,,,,,,,,,,,,,,,,,,,,,,,,,,
,,,,,,,,,,,,,,,,,,,,,,,,,,,,,,,,,,
,,,,,,,,,,,,,,,,,,,,,,,,,,,,,,,,,,
,,,,,,,,,,,,,,,,,,,,,,,,,,,,,,,,,,
,,,,,,,,,,,,,,,,,,,,,,,,,,,,,,,,,,
,,,,,,,,,,,,,,,,,,,,,,,,,,,,,,,,,,
,,,,,,,,,,,,,,,,,,,,,,,,,,,,,,,,,,
,,,,,,,,,,,,,,,,,,,,,,,,,,,,,,,,,,
,,,,,,,,,,,,,,,,,,,,,,,,,,,,,,,,,,
,,,,,,,,,,,,,,,,,,,,,,,,,,,,,,,,,,
,,,,,,,,,,,,,,,,,,,,,,,,,,,,,,,,,,
,,,,,,,,,,,,,,,,,,,,,,,,,,,,,,,,,,
,,,,,,,,,,,,,,,,,,,,,,,,,,,,,,,,,,
,,,,,,,,,,,,,,,,,,,,,,,,,,,,,,,,,,
,,,,,,,,,,,,,,,,,,,,,,,,,,,,,,,,,,
,,,,,,,,,,,,,,,,,,,,,,,,,,,,,,,,,,
,,,,,,,,,,,,,,,,,,,,,,,,,,,,,,,,,,
,,,,,,,,,,,,,,,,,,,,,,,,,,,,,,,,,,
,,,,,,,,,,,,,,,,,,,,,,,,,,,,,,,,,,
,,,,,,,,,,,,,,,,,,,,,,,,,,,,,,,,,,
,,,,,,,,,,,,,,,,,,,,,,,,,,,,,,,,,,
,,,,,,,,,,,,,,,,,,,,,,,,,,,,,,,,,,
,,,,,,,,,,,,,,,,,,,,,,,,,,,,,,,,,,
,,,,,,,,,,,,,,,,,,,,,,,,,,,,,,,,,,
,,,,,,,,,,,,,,,,,,,,,,,,,,,,,,,,,,
,,,,,,,,,,,,,,,,,,,,,,,,,,,,,,,,,,
,,,,,,,,,,,,,,,,,,,,,,,,,,,,,,,,,,
,,,,,,,,,,,,,,,,,,,,,,,,,,,,,,,,,,
,,,,,,,,,,,,,,,,,,,,,,,,,,,,,,,,,,
,,,,,,,,,,,,,,,,,,,,,,,,,,,,,,,,,,
,,,,,,,,,,,,,,,,,,,,,,,,,,,,,,,,,,
,,,,,,,,,,,,,,,,,,,,,,,,,,,,,,,,,,
,,,,,,,,,,,,,,,,,,,,,,,,,,,,,,,,,,
,,,,,,,,,,,,,,,,,,,,,,,,,,,,,,,,,,
,,,,,,,,,,,,,,,,,,,,,,,,,,,,,,,,,,
,,,,,,,,,,,,,,,,,,,,,,,,,,,,,,,,,,
,,,,,,,,,,,,,,,,,,,,,,,,,,,,,,,,,,
,,,,,,,,,,,,,,,,,,,,,,,,,,,,,,,,,,
,,,,,,,,,,,,,,,,,,,,,,,,,,,,,,,,,,
,,,,,,,,,,,,,,,,,,,,,,,,,,,,,,,,,,
,,,,,,,,,,,,,,,,,,,,,,,,,,,,,,,,,,
,,,,,,,,,,,,,,,,,,,,,,,,,,,,,,,,,,
,,,,,,,,,,,,,,,,,,,,,,,,,,,,,,,,,,
,,,,,,,,,,,,,,,,,,,,,,,,,,,,,,,,,,
,,,,,,,,,,,,,,,,,,,,,,,,,,,,,,,,,,
,,,,,,,,,,,,,,,,,,,,,,,,,,,,,,,,,,
,,,,,,,,,,,,,,,,,,,,,,,,,,,,,,,,,,
,,,,,,,,,,,,,,,,,,,,,,,,,,,,,,,,,,
,,,,,,,,,,,,,,,,,,,,,,,,,,,,,,,,,,
,,,,,,,,,,,,,,,,,,,,,,,,,,,,,,,,,,
,,,,,,,,,,,,,,,,,,,,,,,,,,,,,,,,,,
,,,,,,,,,,,,,,,,,,,,,,,,,,,,,,,,,,
,,,,,,,,,,,,,,,,,,,,,,,,,,,,,,,,,,
,,,,,,,,,,,,,,,,,,,,,,,,,,,,,,,,,,
,,,,,,,,,,,,,,,,,,,,,,,,,,,,,,,,,,
,,,,,,,,,,,,,,,,,,,,,,,,,,,,,,,,,,
,,,,,,,,,,,,,,,,,,,,,,,,,,,,,,,,,,
,,,,,,,,,,,,,,,,,,,,,,,,,,,,,,,,,,
,,,,,,,,,,,,,,,,,,,,,,,,,,,,,,,,,,
,,,,,,,,,,,,,,,,,,,,,,,,,,,,,,,,,,
,,,,,,,,,,,,,,,,,,,,,,,,,,,,,,,,,,
,,,,,,,,,,,,,,,,,,,,,,,,,,,,,,,,,,
,,,,,,,,,,,,,,,,,,,,,,,,,,,,,,,,,,
,,,,,,,,,,,,,,,,,,,,,,,,,,,,,,,,,,
,,,,,,,,,,,,,,,,,,,,,,,,,,,,,,,,,,
,,,,,,,,,,,,,,,,,,,,,,,,,,,,,,,,,,
,,,,,,,,,,,,,,,,,,,,,,,,,,,,,,,,,,
,,,,,,,,,,,,,,,,,,,,,,,,,,,,,,,,,,
,,,,,,,,,,,,,,,,,,,,,,,,,,,,,,,,,,
,,,,,,,,,,,,,,,,,,,,,,,,,,,,,,,,,,
,,,,,,,,,,,,,,,,,,,,,,,,,,,,,,,,,,
,,,,,,,,,,,,,,,,,,,,,,,,,,,,,,,,,,
,,,,,,,,,,,,,,,,,,,,,,,,,,,,,,,,,,
,,,,,,,,,,,,,,,,,,,,,,,,,,,,,,,,,,
,,,,,,,,,,,,,,,,,,,,,,,,,,,,,,,,,,
,,,,,,,,,,,,,,,,,,,,,,,,,,,,,,,,,,
,,,,,,,,,,,,,,,,,,,,,,,,,,,,,,,,,,
,,,,,,,,,,,,,,,,,,,,,,,,,,,,,,,,,,
,,,,,,,,,,,,,,,,,,,,,,,,,,,,,,,,,,
,,,,,,,,,,,,,,,,,,,,,,,,,,,,,,,,,,
,,,,,,,,,,,,,,,,,,,,,,,,,,,,,,,,,,
,,,,,,,,,,,,,,,,,,,,,,,,,,,,,,,,,,
,,,,,,,,,,,,,,,,,,,,,,,,,,,,,,,,,,
,,,,,,,,,,,,,,,,,,,,,,,,,,,,,,,,,,
,,,,,,,,,,,,,,,,,,,,,,,,,,,,,,,,,,
,,,,,,,,,,,,,,,,,,,,,,,,,,,,,,,,,,
,,,,,,,,,,,,,,,,,,,,,,,,,,,,,,,,,,
,,,,,,,,,,,,,,,,,,,,,,,,,,,,,,,,,,
,,,,,,,,,,,,,,,,,,,,,,,,,,,,,,,,,,
,,,,,,,,,,,,,,,,,,,,,,,,,,,,,,,,,,
,,,,,,,,,,,,,,,,,,,,,,,,,,,,,,,,,,
,,,,,,,,,,,,,,,,,,,,,,,,,,,,,,,,,,
,,,,,,,,,,,,,,,,,,,,,,,,,,,,,,,,,,
,,,,,,,,,,,,,,,,,,,,,,,,,,,,,,,,,,
,,,,,,,,,,,,,,,,,,,,,,,,,,,,,,,,,,
,,,,,,,,,,,,,,,,,,,,,,,,,,,,,,,,,,
,,,,,,,,,,,,,,,,,,,,,,,,,,,,,,,,,,
,,,,,,,,,,,,,,,,,,,,,,,,,,,,,,,,,,
,,,,,,,,,,,,,,,,,,,,,,,,,,,,,,,,,,
,,,,,,,,,,,,,,,,,,,,,,,,,,,,,,,,,,
,,,,,,,,,,,,,,,,,,,,,,,,,,,,,,,,,,
,,,,,,,,,,,,,,,,,,,,,,,,,,,,,,,,,,
,,,,,,,,,,,,,,,,,,,,,,,,,,,,,,,,,,
,,,,,,,,,,,,,,,,,,,,,,,,,,,,,,,,,,
,,,,,,,,,,,,,,,,,,,,,,,,,,,,,,,,,,
,,,,,,,,,,,,,,,,,,,,,,,,,,,,,,,,,,
,,,,,,,,,,,,,,,,,,,,,,,,,,,,,,,,,,
,,,,,,,,,,,,,,,,,,,,,,,,,,,,,,,,,,
,,,,,,,,,,,,,,,,,,,,,,,,,,,,,,,,,,
,,,,,,,,,,,,,,,,,,,,,,,,,,,,,,,,,,
,,,,,,,,,,,,,,,,,,,,,,,,,,,,,,,,,,
,,,,,,,,,,,,,,,,,,,,,,,,,,,,,,,,,,
,,,,,,,,,,,,,,,,,,,,,,,,,,,,,,,,,,
,,,,,,,,,,,,,,,,,,,,,,,,,,,,,,,,,,
,,,,,,,,,,,,,,,,,,,,,,,,,,,,,,,,,,
,,,,,,,,,,,,,,,,,,,,,,,,,,,,,,,,,,
,,,,,,,,,,,,,,,,,,,,,,,,,,,,,,,,,,
,,,,,,,,,,,,,,,,,,,,,,,,,,,,,,,,,,
,,,,,,,,,,,,,,,,,,,,,,,,,,,,,,,,,,
,,,,,,,,,,,,,,,,,,,,,,,,,,,,,,,,,,
,,,,,,,,,,,,,,,,,,,,,,,,,,,,,,,,,,
,,,,,,,,,,,,,,,,,,,,,,,,,,,,,,,,,,
,,,,,,,,,,,,,,,,,,,,,,,,,,,,,,,,,,
,,,,,,,,,,,,,,,,,,,,,,,,,,,,,,,,,,
,,,,,,,,,,,,,,,,,,,,,,,,,,,,,,,,,,
,,,,,,,,,,,,,,,,,,,,,,,,,,,,,,,,,,
,,,,,,,,,,,,,,,,,,,,,,,,,,,,,,,,,,
,,,,,,,,,,,,,,,,,,,,,,,,,,,,,,,,,,
,,,,,,,,,,,,,,,,,,,,,,,,,,,,,,,,,,
,,,,,,,,,,,,,,,,,,,,,,,,,,,,,,,,,,
,,,,,,,,,,,,,,,,,,,,,,,,,,,,,,,,,,
,,,,,,,,,,,,,,,,,,,,,,,,,,,,,,,,,,
,,,,,,,,,,,,,,,,,,,,,,,,,,,,,,,,,,
,,,,,,,,,,,,,,,,,,,,,,,,,,,,,,,,,,
,,,,,,,,,,,,,,,,,,,,,,,,,,,,,,,,,,
,,,,,,,,,,,,,,,,,,,,,,,,,,,,,,,,,,
,,,,,,,,,,,,,,,,,,,,,,,,,,,,,,,,,,
,,,,,,,,,,,,,,,,,,,,,,,,,,,,,,,,,,
,,,,,,,,,,,,,,,,,,,,,,,,,,,,,,,,,,
,,,,,,,,,,,,,,,,,,,,,,,,,,,,,,,,,,
,,,,,,,,,,,,,,,,,,,,,,,,,,,,,,,,,,
,,,,,,,,,,,,,,,,,,,,,,,,,,,,,,,,,,
,,,,,,,,,,,,,,,,,,,,,,,,,,,,,,,,,,
,,,,,,,,,,,,,,,,,,,,,,,,,,,,,,,,,,
,,,,,,,,,,,,,,,,,,,,,,,,,,,,,,,,,,
,,,,,,,,,,,,,,,,,,,,,,,,,,,,,,,,,,
,,,,,,,,,,,,,,,,,,,,,,,,,,,,,,,,,,
,,,,,,,,,,,,,,,,,,,,,,,,,,,,,,,,,,
,,,,,,,,,,,,,,,,,,,,,,,,,,,,,,,,,,
,,,,,,,,,,,,,,,,,,,,,,,,,,,,,,,,,,
,,,,,,,,,,,,,,,,,,,,,,,,,,,,,,,,,,
,,,,,,,,,,,,,,,,,,,,,,,,,,,,,,,,,,
,,,,,,,,,,,,,,,,,,,,,,,,,,,,,,,,,,
,,,,,,,,,,,,,,,,,,,,,,,,,,,,,,,,,,
,,,,,,,,,,,,,,,,,,,,,,,,,,,,,,,,,,
,,,,,,,,,,,,,,,,,,,,,,,,,,,,,,,,,,
,,,,,,,,,,,,,,,,,,,,,,,,,,,,,,,,,,
,,,,,,,,,,,,,,,,,,,,,,,,,,,,,,,,,,
,,,,,,,,,,,,,,,,,,,,,,,,,,,,,,,,,,
,,,,,,,,,,,,,,,,,,,,,,,,,,,,,,,,,,
,,,,,,,,,,,,,,,,,,,,,,,,,,,,,,,,,,
,,,,,,,,,,,,,,,,,,,,,,,,,,,,,,,,,,
,,,,,,,,,,,,,,,,,,,,,,,,,,,,,,,,,,
,,,,,,,,,,,,,,,,,,,,,,,,,,,,,,,,,,
,,,,,,,,,,,,,,,,,,,,,,,,,,,,,,,,,,
,,,,,,,,,,,,,,,,,,,,,,,,,,,,,,,,,,
,,,,,,,,,,,,,,,,,,,,,,,,,,,,,,,,,,
,,,,,,,,,,,,,,,,,,,,,,,,,,,,,,,,,,
,,,,,,,,,,,,,,,,,,,,,,,,,,,,,,,,,,
,,,,,,,,,,,,,,,,,,,,,,,,,,,,,,,,,,
,,,,,,,,,,,,,,,,,,,,,,,,,,,,,,,,,,
,,,,,,,,,,,,,,,,,,,,,,,,,,,,,,,,,,
,,,,,,,,,,,,,,,,,,,,,,,,,,,,,,,,,,
,,,,,,,,,,,,,,,,,,,,,,,,,,,,,,,,,,
,,,,,,,,,,,,,,,,,,,,,,,,,,,,,,,,,,
,,,,,,,,,,,,,,,,,,,,,,,,,,,,,,,,,,
,,,,,,,,,,,,,,,,,,,,,,,,,,,,,,,,,,
,,,,,,,,,,,,,,,,,,,,,,,,,,,,,,,,,,
,,,,,,,,,,,,,,,,,,,,,,,,,,,,,,,,,,
,,,,,,,,,,,,,,,,,,,,,,,,,,,,,,,,,,
,,,,,,,,,,,,,,,,,,,,,,,,,,,,,,,,,,
,,,,,,,,,,,,,,,,,,,,,,,,,,,,,,,,,,
,,,,,,,,,,,,,,,,,,,,,,,,,,,,,,,,,,
,,,,,,,,,,,,,,,,,,,,,,,,,,,,,,,,,,
,,,,,,,,,,,,,,,,,,,,,,,,,,,,,,,,,,
,,,,,,,,,,,,,,,,,,,,,,,,,,,,,,,,,,
,,,,,,,,,,,,,,,,,,,,,,,,,,,,,,,,,,
,,,,,,,,,,,,,,,,,,,,,,,,,,,,,,,,,,
,,,,,,,,,,,,,,,,,,,,,,,,,,,,,,,,,,
,,,,,,,,,,,,,,,,,,,,,,,,,,,,,,,,,,
,,,,,,,,,,,,,,,,,,,,,,,,,,,,,,,,,,
,,,,,,,,,,,,,,,,,,,,,,,,,,,,,,,,,,
,,,,,,,,,,,,,,,,,,,,,,,,,,,,,,,,,,
,,,,,,,,,,,,,,,,,,,,,,,,,,,,,,,,,,
,,,,,,,,,,,,,,,,,,,,,,,,,,,,,,,,,,
,,,,,,,,,,,,,,,,,,,,,,,,,,,,,,,,,,
,,,,,,,,,,,,,,,,,,,,,,,,,,,,,,,,,,
,,,,,,,,,,,,,,,,,,,,,,,,,,,,,,,,,,
,,,,,,,,,,,,,,,,,,,,,,,,,,,,,,,,,,
,,,,,,,,,,,,,,,,,,,,,,,,,,,,,,,,,,
,,,,,,,,,,,,,,,,,,,,,,,,,,,,,,,,,,
,,,,,,,,,,,,,,,,,,,,,,,,,,,,,,,,,,
,,,,,,,,,,,,,,,,,,,,,,,,,,,,,,,,,,
,,,,,,,,,,,,,,,,,,,,,,,,,,,,,,,,,,
,,,,,,,,,,,,,,,,,,,,,,,,,,,,,,,,,,
,,,,,,,,,,,,,,,,,,,,,,,,,,,,,,,,,,
,,,,,,,,,,,,,,,,,,,,,,,,,,,,,,,,,,
,,,,,,,,,,,,,,,,,,,,,,,,,,,,,,,,,,
,,,,,,,,,,,,,,,,,,,,,,,,,,,,,,,,,,
,,,,,,,,,,,,,,,,,,,,,,,,,,,,,,,,,,
,,,,,,,,,,,,,,,,,,,,,,,,,,,,,,,,,,
,,,,,,,,,,,,,,,,,,,,,,,,,,,,,,,,,,
,,,,,,,,,,,,,,,,,,,,,,,,,,,,,,,,,,
,,,,,,,,,,,,,,,,,,,,,,,,,,,,,,,,,,
,,,,,,,,,,,,,,,,,,,,,,,,,,,,,,,,,,
,,,,,,,,,,,,,,,,,,,,,,,,,,,,,,,,,,
,,,,,,,,,,,,,,,,,,,,,,,,,,,,,,,,,,
,,,,,,,,,,,,,,,,,,,,,,,,,,,,,,,,,,
,,,,,,,,,,,,,,,,,,,,,,,,,,,,,,,,,,
,,,,,,,,,,,,,,,,,,,,,,,,,,,,,,,,,,
,,,,,,,,,,,,,,,,,,,,,,,,,,,,,,,,,,
,,,,,,,,,,,,,,,,,,,,,,,,,,,,,,,,,,
,,,,,,,,,,,,,,,,,,,,,,,,,,,,,,,,,,
,,,,,,,,,,,,,,,,,,,,,,,,,,,,,,,,,,
,,,,,,,,,,,,,,,,,,,,,,,,,,,,,,,,,,
,,,,,,,,,,,,,,,,,,,,,,,,,,,,,,,,,,
,,,,,,,,,,,,,,,,,,,,,,,,,,,,,,,,,,
,,,,,,,,,,,,,,,,,,,,,,,,,,,,,,,,,,
,,,,,,,,,,,,,,,,,,,,,,,,,,,,,,,,,,
,,,,,,,,,,,,,,,,,,,,,,,,,,,,,,,,,,
,,,,,,,,,,,,,,,,,,,,,,,,,,,,,,,,,,
,,,,,,,,,,,,,,,,,,,,,,,,,,,,,,,,,,
,,,,,,,,,,,,,,,,,,,,,,,,,,,,,,,,,,
,,,,,,,,,,,,,,,,,,,,,,,,,,,,,,,,,,
,,,,,,,,,,,,,,,,,,,,,,,,,,,,,,,,,,
,,,,,,,,,,,,,,,,,,,,,,,,,,,,,,,,,,
,,,,,,,,,,,,,,,,,,,,,,,,,,,,,,,,,,
,,,,,,,,,,,,,,,,,,,,,,,,,,,,,,,,,,
,,,,,,,,,,,,,,,,,,,,,,,,,,,,,,,,,,
,,,,,,,,,,,,,,,,,,,,,,,,,,,,,,,,,,
,,,,,,,,,,,,,,,,,,,,,,,,,,,,,,,,,,
,,,,,,,,,,,,,,,,,,,,,,,,,,,,,,,,,,
,,,,,,,,,,,,,,,,,,,,,,,,,,,,,,,,,,
,,,,,,,,,,,,,,,,,,,,,,,,,,,,,,,,,,
,,,,,,,,,,,,,,,,,,,,,,,,,,,,,,,,,,
,,,,,,,,,,,,,,,,,,,,,,,,,,,,,,,,,,
,,,,,,,,,,,,,,,,,,,,,,,,,,,,,,,,,,
,,,,,,,,,,,,,,,,,,,,,,,,,,,,,,,,,,
,,,,,,,,,,,,,,,,,,,,,,,,,,,,,,,,,,
,,,,,,,,,,,,,,,,,,,,,,,,,,,,,,,,,,
,,,,,,,,,,,,,,,,,,,,,,,,,,,,,,,,,,
,,,,,,,,,,,,,,,,,,,,,,,,,,,,,,,,,,
,,,,,,,,,,,,,,,,,,,,,,,,,,,,,,,,,,
,,,,,,,,,,,,,,,,,,,,,,,,,,,,,,,,,,
,,,,,,,,,,,,,,,,,,,,,,,,,,,,,,,,,,
,,,,,,,,,,,,,,,,,,,,,,,,,,,,,,,,,,
,,,,,,,,,,,,,,,,,,,,,,,,,,,,,,,,,,
,,,,,,,,,,,,,,,,,,,,,,,,,,,,,,,,,,
,,,,,,,,,,,,,,,,,,,,,,,,,,,,,,,,,,
,,,,,,,,,,,,,,,,,,,,,,,,,,,,,,,,,,
,,,,,,,,,,,,,,,,,,,,,,,,,,,,,,,,,,
,,,,,,,,,,,,,,,,,,,,,,,,,,,,,,,,,,
,,,,,,,,,,,,,,,,,,,,,,,,,,,,,,,,,,
,,,,,,,,,,,,,,,,,,,,,,,,,,,,,,,,,,
,,,,,,,,,,,,,,,,,,,,,,,,,,,,,,,,,,
,,,,,,,,,,,,,,,,,,,,,,,,,,,,,,,,,,
,,,,,,,,,,,,,,,,,,,,,,,,,,,,,,,,,,
,,,,,,,,,,,,,,,,,,,,,,,,,,,,,,,,,,
,,,,,,,,,,,,,,,,,,,,,,,,,,,,,,,,,,
,,,,,,,,,,,,,,,,,,,,,,,,,,,,,,,,,,
,,,,,,,,,,,,,,,,,,,,,,,,,,,,,,,,,,
,,,,,,,,,,,,,,,,,,,,,,,,,,,,,,,,,,
,,,,,,,,,,,,,,,,,,,,,,,,,,,,,,,,,,
,,,,,,,,,,,,,,,,,,,,,,,,,,,,,,,,,,
,,,,,,,,,,,,,,,,,,,,,,,,,,,,,,,,,,
,,,,,,,,,,,,,,,,,,,,,,,,,,,,,,,,,,
,,,,,,,,,,,,,,,,,,,,,,,,,,,,,,,,,,
,,,,,,,,,,,,,,,,,,,,,,,,,,,,,,,,,,
,,,,,,,,,,,,,,,,,,,,,,,,,,,,,,,,,,
,,,,,,,,,,,,,,,,,,,,,,,,,,,,,,,,,,
,,,,,,,,,,,,,,,,,,,,,,,,,,,,,,,,,,
,,,,,,,,,,,,,,,,,,,,,,,,,,,,,,,,,,
,,,,,,,,,,,,,,,,,,,,,,,,,,,,,,,,,,
,,,,,,,,,,,,,,,,,,,,,,,,,,,,,,,,,,
,,,,,,,,,,,,,,,,,,,,,,,,,,,,,,,,,,
,,,,,,,,,,,,,,,,,,,,,,,,,,,,,,,,,,
,,,,,,,,,,,,,,,,,,,,,,,,,,,,,,,,,,
,,,,,,,,,,,,,,,,,,,,,,,,,,,,,,,,,,
,,,,,,,,,,,,,,,,,,,,,,,,,,,,,,,,,,
,,,,,,,,,,,,,,,,,,,,,,,,,,,,,,,,,,
,,,,,,,,,,,,,,,,,,,,,,,,,,,,,,,,,,
,,,,,,,,,,,,,,,,,,,,,,,,,,,,,,,,,,
,,,,,,,,,,,,,,,,,,,,,,,,,,,,,,,,,,
,,,,,,,,,,,,,,,,,,,,,,,,,,,,,,,,,,
,,,,,,,,,,,,,,,,,,,,,,,,,,,,,,,,,,
,,,,,,,,,,,,,,,,,,,,,,,,,,,,,,,,,,
,,,,,,,,,,,,,,,,,,,,,,,,,,,,,,,,,,
,,,,,,,,,,,,,,,,,,,,,,,,,,,,,,,,,,
,,,,,,,,,,,,,,,,,,,,,,,,,,,,,,,,,,
,,,,,,,,,,,,,,,,,,,,,,,,,,,,,,,,,,
,,,,,,,,,,,,,,,,,,,,,,,,,,,,,,,,,,
,,,,,,,,,,,,,,,,,,,,,,,,,,,,,,,,,,
,,,,,,,,,,,,,,,,,,,,,,,,,,,,,,,,,,
,,,,,,,,,,,,,,,,,,,,,,,,,,,,,,,,,,
,,,,,,,,,,,,,,,,,,,,,,,,,,,,,,,,,,
,,,,,,,,,,,,,,,,,,,,,,,,,,,,,,,,,,
,,,,,,,,,,,,,,,,,,,,,,,,,,,,,,,,,,
,,,,,,,,,,,,,,,,,,,,,,,,,,,,,,,,,,
,,,,,,,,,,,,,,,,,,,,,,,,,,,,,,,,,,
,,,,,,,,,,,,,,,,,,,,,,,,,,,,,,,,,,
,,,,,,,,,,,,,,,,,,,,,,,,,,,,,,,,,,
,,,,,,,,,,,,,,,,,,,,,,,,,,,,,,,,,,
,,,,,,,,,,,,,,,,,,,,,,,,,,,,,,,,,,
,,,,,,,,,,,,,,,,,,,,,,,,,,,,,,,,,,
,,,,,,,,,,,,,,,,,,,,,,,,,,,,,,,,,,
,,,,,,,,,,,,,,,,,,,,,,,,,,,,,,,,,,
,,,,,,,,,,,,,,,,,,,,,,,,,,,,,,,,,,
,,,,,,,,,,,,,,,,,,,,,,,,,,,,,,,,,,
,,,,,,,,,,,,,,,,,,,,,,,,,,,,,,,,,,
,,,,,,,,,,,,,,,,,,,,,,,,,,,,,,,,,,
,,,,,,,,,,,,,,,,,,,,,,,,,,,,,,,,,,
,,,,,,,,,,,,,,,,,,,,,,,,,,,,,,,,,,
,,,,,,,,,,,,,,,,,,,,,,,,,,,,,,,,,,
,,,,,,,,,,,,,,,,,,,,,,,,,,,,,,,,,,
,,,,,,,,,,,,,,,,,,,,,,,,,,,,,,,,,,
,,,,,,,,,,,,,,,,,,,,,,,,,,,,,,,,,,
,,,,,,,,,,,,,,,,,,,,,,,,,,,,,,,,,,
,,,,,,,,,,,,,,,,,,,,,,,,,,,,,,,,,,
,,,,,,,,,,,,,,,,,,,,,,,,,,,,,,,,,,
,,,,,,,,,,,,,,,,,,,,,,,,,,,,,,,,,,
,,,,,,,,,,,,,,,,,,,,,,,,,,,,,,,,,,
,,,,,,,,,,,,,,,,,,,,,,,,,,,,,,,,,,
,,,,,,,,,,,,,,,,,,,,,,,,,,,,,,,,,,
,,,,,,,,,,,,,,,,,,,,,,,,,,,,,,,,,,
,,,,,,,,,,,,,,,,,,,,,,,,,,,,,,,,,,
,,,,,,,,,,,,,,,,,,,,,,,,,,,,,,,,,,
,,,,,,,,,,,,,,,,,,,,,,,,,,,,,,,,,,
,,,,,,,,,,,,,,,,,,,,,,,,,,,,,,,,,,
,,,,,,,,,,,,,,,,,,,,,,,,,,,,,,,,,,
,,,,,,,,,,,,,,,,,,,,,,,,,,,,,,,,,,
,,,,,,,,,,,,,,,,,,,,,,,,,,,,,,,,,,
,,,,,,,,,,,,,,,,,,,,,,,,,,,,,,,,,,
,,,,,,,,,,,,,,,,,,,,,,,,,,,,,,,,,,
,,,,,,,,,,,,,,,,,,,,,,,,,,,,,,,,,,
,,,,,,,,,,,,,,,,,,,,,,,,,,,,,,,,,,
,,,,,,,,,,,,,,,,,,,,,,,,,,,,,,,,,,
,,,,,,,,,,,,,,,,,,,,,,,,,,,,,,,,,,
,,,,,,,,,,,,,,,,,,,,,,,,,,,,,,,,,,
,,,,,,,,,,,,,,,,,,,,,,,,,,,,,,,,,,
,,,,,,,,,,,,,,,,,,,,,,,,,,,,,,,,,,
,,,,,,,,,,,,,,,,,,,,,,,,,,,,,,,,,,
,,,,,,,,,,,,,,,,,,,,,,,,,,,,,,,,,,
,,,,,,,,,,,,,,,,,,,,,,,,,,,,,,,,,,
,,,,,,,,,,,,,,,,,,,,,,,,,,,,,,,,,,
,,,,,,,,,,,,,,,,,,,,,,,,,,,,,,,,,,
,,,,,,,,,,,,,,,,,,,,,,,,,,,,,,,,,,
,,,,,,,,,,,,,,,,,,,,,,,,,,,,,,,,,,
,,,,,,,,,,,,,,,,,,,,,,,,,,,,,,,,,,
,,,,,,,,,,,,,,,,,,,,,,,,,,,,,,,,,,
,,,,,,,,,,,,,,,,,,,,,,,,,,,,,,,,,,
,,,,,,,,,,,,,,,,,,,,,,,,,,,,,,,,,,
,,,,,,,,,,,,,,,,,,,,,,,,,,,,,,,,,,
,,,,,,,,,,,,,,,,,,,,,,,,,,,,,,,,,,
,,,,,,,,,,,,,,,,,,,,,,,,,,,,,,,,,,
,,,,,,,,,,,,,,,,,,,,,,,,,,,,,,,,,,
,,,,,,,,,,,,,,,,,,,,,,,,,,,,,,,,,,
,,,,,,,,,,,,,,,,,,,,,,,,,,,,,,,,,,
,,,,,,,,,,,,,,,,,,,,,,,,,,,,,,,,,,
,,,,,,,,,,,,,,,,,,,,,,,,,,,,,,,,,,
,,,,,,,,,,,,,,,,,,,,,,,,,,,,,,,,,,
,,,,,,,,,,,,,,,,,,,,,,,,,,,,,,,,,,
,,,,,,,,,,,,,,,,,,,,,,,,,,,,,,,,,,
,,,,,,,,,,,,,,,,,,,,,,,,,,,,,,,,,,
,,,,,,,,,,,,,,,,,,,,,,,,,,,,,,,,,,
,,,,,,,,,,,,,,,,,,,,,,,,,,,,,,,,,,
,,,,,,,,,,,,,,,,,,,,,,,,,,,,,,,,,,
,,,,,,,,,,,,,,,,,,,,,,,,,,,,,,,,,,
,,,,,,,,,,,,,,,,,,,,,,,,,,,,,,,,,,
,,,,,,,,,,,,,,,,,,,,,,,,,,,,,,,,,,
,,,,,,,,,,,,,,,,,,,,,,,,,,,,,,,,,,
,,,,,,,,,,,,,,,,,,,,,,,,,,,,,,,,,,
,,,,,,,,,,,,,,,,,,,,,,,,,,,,,,,,,,
,,,,,,,,,,,,,,,,,,,,,,,,,,,,,,,,,,
,,,,,,,,,,,,,,,,,,,,,,,,,,,,,,,,,,
,,,,,,,,,,,,,,,,,,,,,,,,,,,,,,,,,,
,,,,,,,,,,,,,,,,,,,,,,,,,,,,,,,,,,
,,,,,,,,,,,,,,,,,,,,,,,,,,,,,,,,,,
,,,,,,,,,,,,,,,,,,,,,,,,,,,,,,,,,,
,,,,,,,,,,,,,,,,,,,,,,,,,,,,,,,,,,
,,,,,,,,,,,,,,,,,,,,,,,,,,,,,,,,,,
,,,,,,,,,,,,,,,,,,,,,,,,,,,,,,,,,,
,,,,,,,,,,,,,,,,,,,,,,,,,,,,,,,,,,
,,,,,,,,,,,,,,,,,,,,,,,,,,,,,,,,,,
,,,,,,,,,,,,,,,,,,,,,,,,,,,,,,,,,,
,,,,,,,,,,,,,,,,,,,,,,,,,,,,,,,,,,
,,,,,,,,,,,,,,,,,,,,,,,,,,,,,,,,,,
,,,,,,,,,,,,,,,,,,,,,,,,,,,,,,,,,,
,,,,,,,,,,,,,,,,,,,,,,,,,,,,,,,,,,
,,,,,,,,,,,,,,,,,,,,,,,,,,,,,,,,,,
,,,,,,,,,,,,,,,,,,,,,,,,,,,,,,,,,,
,,,,,,,,,,,,,,,,,,,,,,,,,,,,,,,,,,
,,,,,,,,,,,,,,,,,,,,,,,,,,,,,,,,,,
,,,,,,,,,,,,,,,,,,,,,,,,,,,,,,,,,,
,,,,,,,,,,,,,,,,,,,,,,,,,,,,,,,,,,
,,,,,,,,,,,,,,,,,,,,,,,,,,,,,,,,,,
,,,,,,,,,,,,,,,,,,,,,,,,,,,,,,,,,,
,,,,,,,,,,,,,,,,,,,,,,,,,,,,,,,,,,
,,,,,,,,,,,,,,,,,,,,,,,,,,,,,,,,,,
,,,,,,,,,,,,,,,,,,,,,,,,,,,,,,,,,,
,,,,,,,,,,,,,,,,,,,,,,,,,,,,,,,,,,
,,,,,,,,,,,,,,,,,,,,,,,,,,,,,,,,,,
,,,,,,,,,,,,,,,,,,,,,,,,,,,,,,,,,,
,,,,,,,,,,,,,,,,,,,,,,,,,,,,,,,,,,
,,,,,,,,,,,,,,,,,,,,,,,,,,,,,,,,,,
,,,,,,,,,,,,,,,,,,,,,,,,,,,,,,,,,,
,,,,,,,,,,,,,,,,,,,,,,,,,,,,,,,,,,
,,,,,,,,,,,,,,,,,,,,,,,,,,,,,,,,,,
,,,,,,,,,,,,,,,,,,,,,,,,,,,,,,,,,,
,,,,,,,,,,,,,,,,,,,,,,,,,,,,,,,,,,
,,,,,,,,,,,,,,,,,,,,,,,,,,,,,,,,,,
,,,,,,,,,,,,,,,,,,,,,,,,,,,,,,,,,,
,,,,,,,,,,,,,,,,,,,,,,,,,,,,,,,,,,
,,,,,,,,,,,,,,,,,,,,,,,,,,,,,,,,,,
,,,,,,,,,,,,,,,,,,,,,,,,,,,,,,,,,,
,,,,,,,,,,,,,,,,,,,,,,,,,,,,,,,,,,
,,,,,,,,,,,,,,,,,,,,,,,,,,,,,,,,,,
,,,,,,,,,,,,,,,,,,,,,,,,,,,,,,,,,,
,,,,,,,,,,,,,,,,,,,,,,,,,,,,,,,,,,
,,,,,,,,,,,,,,,,,,,,,,,,,,,,,,,,,,
,,,,,,,,,,,,,,,,,,,,,,,,,,,,,,,,,,
,,,,,,,,,,,,,,,,,,,,,,,,,,,,,,,,,,
,,,,,,,,,,,,,,,,,,,,,,,,,,,,,,,,,,
,,,,,,,,,,,,,,,,,,,,,,,,,,,,,,,,,,
,,,,,,,,,,,,,,,,,,,,,,,,,,,,,,,,,,
,,,,,,,,,,,,,,,,,,,,,,,,,,,,,,,,,,
,,,,,,,,,,,,,,,,,,,,,,,,,,,,,,,,,,
,,,,,,,,,,,,,,,,,,,,,,,,,,,,,,,,,,
,,,,,,,,,,,,,,,,,,,,,,,,,,,,,,,,,,
,,,,,,,,,,,,,,,,,,,,,,,,,,,,,,,,,,
,,,,,,,,,,,,,,,,,,,,,,,,,,,,,,,,,,
,,,,,,,,,,,,,,,,,,,,,,,,,,,,,,,,,,
,,,,,,,,,,,,,,,,,,,,,,,,,,,,,,,,,,
,,,,,,,,,,,,,,,,,,,,,,,,,,,,,,,,,,
,,,,,,,,,,,,,,,,,,,,,,,,,,,,,,,,,,
,,,,,,,,,,,,,,,,,,,,,,,,,,,,,,,,,,
,,,,,,,,,,,,,,,,,,,,,,,,,,,,,,,,,,
,,,,,,,,,,,,,,,,,,,,,,,,,,,,,,,,,,
,,,,,,,,,,,,,,,,,,,,,,,,,,,,,,,,,,
,,,,,,,,,,,,,,,,,,,,,,,,,,,,,,,,,,
,,,,,,,,,,,,,,,,,,,,,,,,,,,,,,,,,,
,,,,,,,,,,,,,,,,,,,,,,,,,,,,,,,,,,
,,,,,,,,,,,,,,,,,,,,,,,,,,,,,,,,,,
,,,,,,,,,,,,,,,,,,,,,,,,,,,,,,,,,,
,,,,,,,,,,,,,,,,,,,,,,,,,,,,,,,,,,
,,,,,,,,,,,,,,,,,,,,,,,,,,,,,,,,,,
,,,,,,,,,,,,,,,,,,,,,,,,,,,,,,,,,,
,,,,,,,,,,,,,,,,,,,,,,,,,,,,,,,,,,
,,,,,,,,,,,,,,,,,,,,,,,,,,,,,,,,,,
,,,,,,,,,,,,,,,,,,,,,,,,,,,,,,,,,,
,,,,,,,,,,,,,,,,,,,,,,,,,,,,,,,,,,
,,,,,,,,,,,,,,,,,,,,,,,,,,,,,,,,,,
,,,,,,,,,,,,,,,,,,,,,,,,,,,,,,,,,,
,,,,,,,,,,,,,,,,,,,,,,,,,,,,,,,,,,
,,,,,,,,,,,,,,,,,,,,,,,,,,,,,,,,,,
,,,,,,,,,,,,,,,,,,,,,,,,,,,,,,,,,,
,,,,,,,,,,,,,,,,,,,,,,,,,,,,,,,,,,
,,,,,,,,,,,,,,,,,,,,,,,,,,,,,,,,,,
,,,,,,,,,,,,,,,,,,,,,,,,,,,,,,,,,,
,,,,,,,,,,,,,,,,,,,,,,,,,,,,,,,,,,
,,,,,,,,,,,,,,,,,,,,,,,,,,,,,,,,,,
,,,,,,,,,,,,,,,,,,,,,,,,,,,,,,,,,,
,,,,,,,,,,,,,,,,,,,,,,,,,,,,,,,,,,
,,,,,,,,,,,,,,,,,,,,,,,,,,,,,,,,,,
,,,,,,,,,,,,,,,,,,,,,,,,,,,,,,,,,,
,,,,,,,,,,,,,,,,,,,,,,,,,,,,,,,,,,
,,,,,,,,,,,,,,,,,,,,,,,,,,,,,,,,,,
,,,,,,,,,,,,,,,,,,,,,,,,,,,,,,,,,,
,,,,,,,,,,,,,,,,,,,,,,,,,,,,,,,,,,
,,,,,,,,,,,,,,,,,,,,,,,,,,,,,,,,,,
,,,,,,,,,,,,,,,,,,,,,,,,,,,,,,,,,,
,,,,,,,,,,,,,,,,,,,,,,,,,,,,,,,,,,
,,,,,,,,,,,,,,,,,,,,,,,,,,,,,,,,,,
,,,,,,,,,,,,,,,,,,,,,,,,,,,,,,,,,,
,,,,,,,,,,,,,,,,,,,,,,,,,,,,,,,,,,
,,,,,,,,,,,,,,,,,,,,,,,,,,,,,,,,,,
,,,,,,,,,,,,,,,,,,,,,,,,,,,,,,,,,,
,,,,,,,,,,,,,,,,,,,,,,,,,,,,,,,,,,
,,,,,,,,,,,,,,,,,,,,,,,,,,,,,,,,,,
,,,,,,,,,,,,,,,,,,,,,,,,,,,,,,,,,,
,,,,,,,,,,,,,,,,,,,,,,,,,,,,,,,,,,
,,,,,,,,,,,,,,,,,,,,,,,,,,,,,,,,,,
,,,,,,,,,,,,,,,,,,,,,,,,,,,,,,,,,,
,,,,,,,,,,,,,,,,,,,,,,,,,,,,,,,,,,
,,,,,,,,,,,,,,,,,,,,,,,,,,,,,,,,,,
,,,,,,,,,,,,,,,,,,,,,,,,,,,,,,,,,,
,,,,,,,,,,,,,,,,,,,,,,,,,,,,,,,,,,
,,,,,,,,,,,,,,,,,,,,,,,,,,,,,,,,,,
,,,,,,,,,,,,,,,,,,,,,,,,,,,,,,,,,,
,,,,,,,,,,,,,,,,,,,,,,,,,,,,,,,,,,
,,,,,,,,,,,,,,,,,,,,,,,,,,,,,,,,,,
,,,,,,,,,,,,,,,,,,,,,,,,,,,,,,,,,,
,,,,,,,,,,,,,,,,,,,,,,,,,,,,,,,,,,
,,,,,,,,,,,,,,,,,,,,,,,,,,,,,,,,,,
,,,,,,,,,,,,,,,,,,,,,,,,,,,,,,,,,,
,,,,,,,,,,,,,,,,,,,,,,,,,,,,,,,,,,
,,,,,,,,,,,,,,,,,,,,,,,,,,,,,,,,,,
,,,,,,,,,,,,,,,,,,,,,,,,,,,,,,,,,,
,,,,,,,,,,,,,,,,,,,,,,,,,,,,,,,,,,
,,,,,,,,,,,,,,,,,,,,,,,,,,,,,,,,,,
,,,,,,,,,,,,,,,,,,,,,,,,,,,,,,,,,,
,,,,,,,,,,,,,,,,,,,,,,,,,,,,,,,,,,
,,,,,,,,,,,,,,,,,,,,,,,,,,,,,,,,,,
,,,,,,,,,,,,,,,,,,,,,,,,,,,,,,,,,,
,,,,,,,,,,,,,,,,,,,,,,,,,,,,,,,,,,
,,,,,,,,,,,,,,,,,,,,,,,,,,,,,,,,,,
,,,,,,,,,,,,,,,,,,,,,,,,,,,,,,,,,,
,,,,,,,,,,,,,,,,,,,,,,,,,,,,,,,,,,
,,,,,,,,,,,,,,,,,,,,,,,,,,,,,,,,,,
,,,,,,,,,,,,,,,,,,,,,,,,,,,,,,,,,,
,,,,,,,,,,,,,,,,,,,,,,,,,,,,,,,,,,
,,,,,,,,,,,,,,,,,,,,,,,,,,,,,,,,,,
,,,,,,,,,,,,,,,,,,,,,,,,,,,,,,,,,,
,,,,,,,,,,,,,,,,,,,,,,,,,,,,,,,,,,
,,,,,,,,,,,,,,,,,,,,,,,,,,,,,,,,,,
,,,,,,,,,,,,,,,,,,,,,,,,,,,,,,,,,,
,,,,,,,,,,,,,,,,,,,,,,,,,,,,,,,,,,
,,,,,,,,,,,,,,,,,,,,,,,,,,,,,,,,,,
,,,,,,,,,,,,,,,,,,,,,,,,,,,,,,,,,,
,,,,,,,,,,,,,,,,,,,,,,,,,,,,,,,,,,
,,,,,,,,,,,,,,,,,,,,,,,,,,,,,,,,,,
,,,,,,,,,,,,,,,,,,,,,,,,,,,,,,,,,,
,,,,,,,,,,,,,,,,,,,,,,,,,,,,,,,,,,
,,,,,,,,,,,,,,,,,,,,,,,,,,,,,,,,,,
,,,,,,,,,,,,,,,,,,,,,,,,,,,,,,,,,,
,,,,,,,,,,,,,,,,,,,,,,,,,,,,,,,,,,
,,,,,,,,,,,,,,,,,,,,,,,,,,,,,,,,,,
,,,,,,,,,,,,,,,,,,,,,,,,,,,,,,,,,,
,,,,,,,,,,,,,,,,,,,,,,,,,,,,,,,,,,
,,,,,,,,,,,,,,,,,,,,,,,,,,,,,,,,,,
,,,,,,,,,,,,,,,,,,,,,,,,,,,,,,,,,,
,,,,,,,,,,,,,,,,,,,,,,,,,,,,,,,,,,
,,,,,,,,,,,,,,,,,,,,,,,,,,,,,,,,,,
,,,,,,,,,,,,,,,,,,,,,,,,,,,,,,,,,,
,,,,,,,,,,,,,,,,,,,,,,,,,,,,,,,,,,
,,,,,,,,,,,,,,,,,,,,,,,,,,,,,,,,,,
,,,,,,,,,,,,,,,,,,,,,,,,,,,,,,,,,,
,,,,,,,,,,,,,,,,,,,,,,,,,,,,,,,,,,
,,,,,,,,,,,,,,,,,,,,,,,,,,,,,,,,,,
,,,,,,,,,,,,,,,,,,,,,,,,,,,,,,,,,,
,,,,,,,,,,,,,,,,,,,,,,,,,,,,,,,,,,
,,,,,,,,,,,,,,,,,,,,,,,,,,,,,,,,,,
,,,,,,,,,,,,,,,,,,,,,,,,,,,,,,,,,,
,,,,,,,,,,,,,,,,,,,,,,,,,,,,,,,,,,
,,,,,,,,,,,,,,,,,,,,,,,,,,,,,,,,,,
,,,,,,,,,,,,,,,,,,,,,,,,,,,,,,,,,,
,,,,,,,,,,,,,,,,,,,,,,,,,,,,,,,,,,
,,,,,,,,,,,,,,,,,,,,,,,,,,,,,,,,,,
,,,,,,,,,,,,,,,,,,,,,,,,,,,,,,,,,,
,,,,,,,,,,,,,,,,,,,,,,,,,,,,,,,,,,
,,,,,,,,,,,,,,,,,,,,,,,,,,,,,,,,,,
,,,,,,,,,,,,,,,,,,,,,,,,,,,,,,,,,,
,,,,,,,,,,,,,,,,,,,,,,,,,,,,,,,,,,
,,,,,,,,,,,,,,,,,,,,,,,,,,,,,,,,,,
,,,,,,,,,,,,,,,,,,,,,,,,,,,,,,,,,,
,,,,,,,,,,,,,,,,,,,,,,,,,,,,,,,,,,
,,,,,,,,,,,,,,,,,,,,,,,,,,,,,,,,,,
,,,,,,,,,,,,,,,,,,,,,,,,,,,,,,,,,,
,,,,,,,,,,,,,,,,,,,,,,,,,,,,,,,,,,
,,,,,,,,,,,,,,,,,,,,,,,,,,,,,,,,,,
,,,,,,,,,,,,,,,,,,,,,,,,,,,,,,,,,,
,,,,,,,,,,,,,,,,,,,,,,,,,,,,,,,,,,
,,,,,,,,,,,,,,,,,,,,,,,,,,,,,,,,,,
,,,,,,,,,,,,,,,,,,,,,,,,,,,,,,,,,,
,,,,,,,,,,,,,,,,,,,,,,,,,,,,,,,,,,
,,,,,,,,,,,,,,,,,,,,,,,,,,,,,,,,,,
,,,,,,,,,,,,,,,,,,,,,,,,,,,,,,,,,,
,,,,,,,,,,,,,,,,,,,,,,,,,,,,,,,,,,
,,,,,,,,,,,,,,,,,,,,,,,,,,,,,,,,,,
,,,,,,,,,,,,,,,,,,,,,,,,,,,,,,,,,,
,,,,,,,,,,,,,,,,,,,,,,,,,,,,,,,,,,
,,,,,,,,,,,,,,,,,,,,,,,,,,,,,,,,,,
,,,,,,,,,,,,,,,,,,,,,,,,,,,,,,,,,,
,,,,,,,,,,,,,,,,,,,,,,,,,,,,,,,,,,
,,,,,,,,,,,,,,,,,,,,,,,,,,,,,,,,,,
,,,,,,,,,,,,,,,,,,,,,,,,,,,,,,,,,,
,,,,,,,,,,,,,,,,,,,,,,,,,,,,,,,,,,
,,,,,,,,,,,,,,,,,,,,,,,,,,,,,,,,,,
,,,,,,,,,,,,,,,,,,,,,,,,,,,,,,,,,,
,,,,,,,,,,,,,,,,,,,,,,,,,,,,,,,,,,
,,,,,,,,,,,,,,,,,,,,,,,,,,,,,,,,,,
,,,,,,,,,,,,,,,,,,,,,,,,,,,,,,,,,,
,,,,,,,,,,,,,,,,,,,,,,,,,,,,,,,,,,
,,,,,,,,,,,,,,,,,,,,,,,,,,,,,,,,,,
,,,,,,,,,,,,,,,,,,,,,,,,,,,,,,,,,,
,,,,,,,,,,,,,,,,,,,,,,,,,,,,,,,,,,
,,,,,,,,,,,,,,,,,,,,,,,,,,,,,,,,,,
,,,,,,,,,,,,,,,,,,,,,,,,,,,,,,,,,,
,,,,,,,,,,,,,,,,,,,,,,,,,,,,,,,,,,
,,,,,,,,,,,,,,,,,,,,,,,,,,,,,,,,,,
,,,,,,,,,,,,,,,,,,,,,,,,,,,,,,,,,,
,,,,,,,,,,,,,,,,,,,,,,,,,,,,,,,,,,
,,,,,,,,,,,,,,,,,,,,,,,,,,,,,,,,,,
,,,,,,,,,,,,,,,,,,,,,,,,,,,,,,,,,,
,,,,,,,,,,,,,,,,,,,,,,,,,,,,,,,,,,
,,,,,,,,,,,,,,,,,,,,,,,,,,,,,,,,,,
,,,,,,,,,,,,,,,,,,,,,,,,,,,,,,,,,,
,,,,,,,,,,,,,,,,,,,,,,,,,,,,,,,,,,
,,,,,,,,,,,,,,,,,,,,,,,,,,,,,,,,,,
,,,,,,,,,,,,,,,,,,,,,,,,,,,,,,,,,,
,,,,,,,,,,,,,,,,,,,,,,,,,,,,,,,,,,
,,,,,,,,,,,,,,,,,,,,,,,,,,,,,,,,,,
,,,,,,,,,,,,,,,,,,,,,,,,,,,,,,,,,,
,,,,,,,,,,,,,,,,,,,,,,,,,,,,,,,,,,
,,,,,,,,,,,,,,,,,,,,,,,,,,,,,,,,,,
,,,,,,,,,,,,,,,,,,,,,,,,,,,,,,,,,,
,,,,,,,,,,,,,,,,,,,,,,,,,,,,,,,,,,
,,,,,,,,,,,,,,,,,,,,,,,,,,,,,,,,,,
,,,,,,,,,,,,,,,,,,,,,,,,,,,,,,,,,,
,,,,,,,,,,,,,,,,,,,,,,,,,,,,,,,,,,
,,,,,,,,,,,,,,,,,,,,,,,,,,,,,,,,,,
,,,,,,,,,,,,,,,,,,,,,,,,,,,,,,,,,,
,,,,,,,,,,,,,,,,,,,,,,,,,,,,,,,,,,
,,,,,,,,,,,,,,,,,,,,,,,,,,,,,,,,,,
,,,,,,,,,,,,,,,,,,,,,,,,,,,,,,,,,,
,,,,,,,,,,,,,,,,,,,,,,,,,,,,,,,,,,
,,,,,,,,,,,,,,,,,,,,,,,,,,,,,,,,,,
,,,,,,,,,,,,,,,,,,,,,,,,,,,,,,,,,,
,,,,,,,,,,,,,,,,,,,,,,,,,,,,,,,,,,
,,,,,,,,,,,,,,,,,,,,,,,,,,,,,,,,,,
,,,,,,,,,,,,,,,,,,,,,,,,,,,,,,,,,,
,,,,,,,,,,,,,,,,,,,,,,,,,,,,,,,,,,
,,,,,,,,,,,,,,,,,,,,,,,,,,,,,,,,,,
,,,,,,,,,,,,,,,,,,,,,,,,,,,,,,,,,,
,,,,,,,,,,,,,,,,,,,,,,,,,,,,,,,,,,
,,,,,,,,,,,,,,,,,,,,,,,,,,,,,,,,,,
,,,,,,,,,,,,,,,,,,,,,,,,,,,,,,,,,,
,,,,,,,,,,,,,,,,,,,,,,,,,,,,,,,,,,
,,,,,,,,,,,,,,,,,,,,,,,,,,,,,,,,,,
,,,,,,,,,,,,,,,,,,,,,,,,,,,,,,,,,,
,,,,,,,,,,,,,,,,,,,,,,,,,,,,,,,,,,
,,,,,,,,,,,,,,,,,,,,,,,,,,,,,,,,,,
,,,,,,,,,,,,,,,,,,,,,,,,,,,,,,,,,,
,,,,,,,,,,,,,,,,,,,,,,,,,,,,,,,,,,
,,,,,,,,,,,,,,,,,,,,,,,,,,,,,,,,,,
,,,,,,,,,,,,,,,,,,,,,,,,,,,,,,,,,,
,,,,,,,,,,,,,,,,,,,,,,,,,,,,,,,,,,
,,,,,,,,,,,,,,,,,,,,,,,,,,,,,,,,,,
,,,,,,,,,,,,,,,,,,,,,,,,,,,,,,,,,,
,,,,,,,,,,,,,,,,,,,,,,,,,,,,,,,,,,
,,,,,,,,,,,,,,,,,,,,,,,,,,,,,,,,,,
,,,,,,,,,,,,,,,,,,,,,,,,,,,,,,,,,,
,,,,,,,,,,,,,,,,,,,,,,,,,,,,,,,,,,
,,,,,,,,,,,,,,,,,,,,,,,,,,,,,,,,,,
,,,,,,,,,,,,,,,,,,,,,,,,,,,,,,,,,,
,,,,,,,,,,,,,,,,,,,,,,,,,,,,,,,,,,
,,,,,,,,,,,,,,,,,,,,,,,,,,,,,,,,,,
,,,,,,,,,,,,,,,,,,,,,,,,,,,,,,,,,,
,,,,,,,,,,,,,,,,,,,,,,,,,,,,,,,,,,
,,,,,,,,,,,,,,,,,,,,,,,,,,,,,,,,,,
,,,,,,,,,,,,,,,,,,,,,,,,,,,,,,,,,,
,,,,,,,,,,,,,,,,,,,,,,,,,,,,,,,,,,
,,,,,,,,,,,,,,,,,,,,,,,,,,,,,,,,,,
,,,,,,,,,,,,,,,,,,,,,,,,,,,,,,,,,,
,,,,,,,,,,,,,,,,,,,,,,,,,,,,,,,,,,
,,,,,,,,,,,,,,,,,,,,,,,,,,,,,,,,,,
,,,,,,,,,,,,,,,,,,,,,,,,,,,,,,,,,,
,,,,,,,,,,,,,,,,,,,,,,,,,,,,,,,,,,
,,,,,,,,,,,,,,,,,,,,,,,,,,,,,,,,,,
,,,,,,,,,,,,,,,,,,,,,,,,,,,,,,,,,,
,,,,,,,,,,,,,,,,,,,,,,,,,,,,,,,,,,
,,,,,,,,,,,,,,,,,,,,,,,,,,,,,,,,,,
,,,,,,,,,,,,,,,,,,,,,,,,,,,,,,,,,,
,,,,,,,,,,,,,,,,,,,,,,,,,,,,,,,,,,
,,,,,,,,,,,,,,,,,,,,,,,,,,,,,,,,,,
,,,,,,,,,,,,,,,,,,,,,,,,,,,,,,,,,,
,,,,,,,,,,,,,,,,,,,,,,,,,,,,,,,,,,
,,,,,,,,,,,,,,,,,,,,,,,,,,,,,,,,,,
,,,,,,,,,,,,,,,,,,,,,,,,,,,,,,,,,,
,,,,,,,,,,,,,,,,,,,,,,,,,,,,,,,,,,
,,,,,,,,,,,,,,,,,,,,,,,,,,,,,,,,,,
,,,,,,,,,,,,,,,,,,,,,,,,,,,,,,,,,,
,,,,,,,,,,,,,,,,,,,,,,,,,,,,,,,,,,
,,,,,,,,,,,,,,,,,,,,,,,,,,,,,,,,,,
,,,,,,,,,,,,,,,,,,,,,,,,,,,,,,,,,,
,,,,,,,,,,,,,,,,,,,,,,,,,,,,,,,,,,
,,,,,,,,,,,,,,,,,,,,,,,,,,,,,,,,,,
,,,,,,,,,,,,,,,,,,,,,,,,,,,,,,,,,,
,,,,,,,,,,,,,,,,,,,,,,,,,,,,,,,,,,
,,,,,,,,,,,,,,,,,,,,,,,,,,,,,,,,,,
,,,,,,,,,,,,,,,,,,,,,,,,,,,,,,,,,,
,,,,,,,,,,,,,,,,,,,,,,,,,,,,,,,,,,
,,,,,,,,,,,,,,,,,,,,,,,,,,,,,,,,,,
,,,,,,,,,,,,,,,,,,,,,,,,,,,,,,,,,,
,,,,,,,,,,,,,,,,,,,,,,,,,,,,,,,,,,
,,,,,,,,,,,,,,,,,,,,,,,,,,,,,,,,,,
,,,,,,,,,,,,,,,,,,,,,,,,,,,,,,,,,,
,,,,,,,,,,,,,,,,,,,,,,,,,,,,,,,,,,
,,,,,,,,,,,,,,,,,,,,,,,,,,,,,,,,,,
,,,,,,,,,,,,,,,,,,,,,,,,,,,,,,,,,,
,,,,,,,,,,,,,,,,,,,,,,,,,,,,,,,,,,
,,,,,,,,,,,,,,,,,,,,,,,,,,,,,,,,,,
,,,,,,,,,,,,,,,,,,,,,,,,,,,,,,,,,,
,,,,,,,,,,,,,,,,,,,,,,,,,,,,,,,,,,
,,,,,,,,,,,,,,,,,,,,,,,,,,,,,,,,,,
,,,,,,,,,,,,,,,,,,,,,,,,,,,,,,,,,,
,,,,,,,,,,,,,,,,,,,,,,,,,,,,,,,,,,
,,,,,,,,,,,,,,,,,,,,,,,,,,,,,,,,,,
,,,,,,,,,,,,,,,,,,,,,,,,,,,,,,,,,,
,,,,,,,,,,,,,,,,,,,,,,,,,,,,,,,,,,
,,,,,,,,,,,,,,,,,,,,,,,,,,,,,,,,,,
,,,,,,,,,,,,,,,,,,,,,,,,,,,,,,,,,,
,,,,,,,,,,,,,,,,,,,,,,,,,,,,,,,,,,
,,,,,,,,,,,,,,,,,,,,,,,,,,,,,,,,,,
,,,,,,,,,,,,,,,,,,,,,,,,,,,,,,,,,,
,,,,,,,,,,,,,,,,,,,,,,,,,,,,,,,,,,
,,,,,,,,,,,,,,,,,,,,,,,,,,,,,,,,,,
,,,,,,,,,,,,,,,,,,,,,,,,,,,,,,,,,,
,,,,,,,,,,,,,,,,,,,,,,,,,,,,,,,,,,
,,,,,,,,,,,,,,,,,,,,,,,,,,,,,,,,,,
,,,,,,,,,,,,,,,,,,,,,,,,,,,,,,,,,,
,,,,,,,,,,,,,,,,,,,,,,,,,,,,,,,,,,
,,,,,,,,,,,,,,,,,,,,,,,,,,,,,,,,,,
,,,,,,,,,,,,,,,,,,,,,,,,,,,,,,,,,,
,,,,,,,,,,,,,,,,,,,,,,,,,,,,,,,,,,
,,,,,,,,,,,,,,,,,,,,,,,,,,,,,,,,,,
,,,,,,,,,,,,,,,,,,,,,,,,,,,,,,,,,,
,,,,,,,,,,,,,,,,,,,,,,,,,,,,,,,,,,
,,,,,,,,,,,,,,,,,,,,,,,,,,,,,,,,,,
,,,,,,,,,,,,,,,,,,,,,,,,,,,,,,,,,,
